match_id,region,platform_id,queue_id,queue_type,game_version,patch_version,game_creation,game_start_timestamp,game_end_timestamp,game_duration,match_date,match_date_simple,duration_mmss
EUW1_7735648775,euw1,EUW1,420,Ranked Solo/Duo,16.3.745.7600,16.3,1771240234290,1771240328260,1771242157764,1829,2026-02-16T13:10:34.290000,16/2/2026,30:29
EUW1_7732948338,euw1,EUW1,420,Ranked Solo/Duo,16.3.745.7600,16.3,1771101790264,1771101878684,1771103324383,1446,2026-02-14T22:43:10.264000,14/2/2026,24:06
EUW1_7731581377,euw1,EUW1,420,Ranked Solo/Duo,16.3.745.7600,16.3,1771023983875,1771023995735,1771026427917,2432,2026-02-14T01:06:23.875000,14/2/2026,40:32
EUW1_7731514801,euw1,EUW1,420,Ranked Solo/Duo,16.3.745.7600,16.3,1771021772368,1771021789924,1771023636143,1846,2026-02-14T00:29:32.368000,14/2/2026,30:46
EUW1_7731417399,euw1,EUW1,420,Ranked Solo/Duo,16.3.745.7600,16.3,1771019165256,1771019183702,1771021281735,2098,2026-02-13T23:46:05.256000,13/2/2026,34:58
EUW1_7729644827,euw1,EUW1,420,Ranked Solo/Duo,16.3.745.7600,16.3,1770931178966,1770931194793,1770933024585,1830,2026-02-12T23:19:38.966000,12/2/2026,30:30
EUW1_7726714177,euw1,EUW1,420,Ranked Solo/Duo,16.3.744.7656,16.3,1770765545169,1770765630070,1770766675121,1045,2026-02-11T01:19:05.169000,11/2/2026,17:25
EUW1_7726654021,euw1,EUW1,420,Ranked Solo/Duo,16.3.744.7656,16.3,1770763108784,1770763123902,1770764921554,1797,2026-02-11T00:38:28.784000,11/2/2026,29:57
EUW1_7726586911,euw1,EUW1,420,Ranked Solo/Duo,16.3.744.7656,16.3,1770760707416,1770760719442,1770762153622,1434,2026-02-10T23:58:27.416000,10/2/2026,23:54
EUW1_7726525237,euw1,EUW1,420,Ranked Solo/Duo,16.3.744.7656,16.3,1770759017514,1770759032702,1770760351143,1318,2026-02-10T23:30:17.514000,10/2/2026,21:58
EUW1_7739514064,euw1,EUW1,420,Ranked Solo/Duo,16.3.745.7600,16.3,1771433406239,1771433418695,1771435241978,1823,2026-02-18T18:50:06.239000,18/2/2026,30:23
EUW1_7739460104,euw1,EUW1,420,Ranked Solo/Duo,16.3.745.7600,16.3,1771431545587,1771431560658,1771433138521,1578,2026-02-18T18:19:05.587000,18/2/2026,26:18
EUW1_7739411006,euw1,EUW1,420,Ranked Solo/Duo,16.3.745.7600,16.3,1771429624373,1771429642123,1771431127299,1485,2026-02-18T17:47:04.373000,18/2/2026,24:45
EUW1_7739374797,euw1,EUW1,420,Ranked Solo/Duo,16.3.745.7600,16.3,1771428104883,1771428203262,1771429155577,952,2026-02-18T17:21:44.883000,18/2/2026,15:52
EUW1_7739302156,euw1,EUW1,420,Ranked Solo/Duo,16.3.745.7600,16.3,1771425175012,1771425189745,1771427095261,1905,2026-02-18T16:32:55.012000,18/2/2026,31:45
EUW1_7739258896,euw1,EUW1,420,Ranked Solo/Duo,16.3.745.7600,16.3,1771423222844,1771423239438,1771424841326,1602,2026-02-18T16:00:22.844000,18/2/2026,26:42
EUW1_7739215514,euw1,EUW1,420,Ranked Solo/Duo,16.3.745.7600,16.3,1771421088243,1771421104383,1771422621448,1517,2026-02-18T15:24:48.243000,18/2/2026,25:17
EUW1_7739054573,euw1,EUW1,420,Ranked Solo/Duo,16.3.745.7600,16.3,1771413001786,1771413012073,1771414439868,1428,2026-02-18T13:10:01.786000,18/2/2026,23:48
EUW1_7729589581,euw1,EUW1,420,Ranked Solo/Duo,16.3.745.7600,16.3,1770929548534,1770929563389,1770930947351,1384,2026-02-12T22:52:28.534000,12/2/2026,23:04
EUW1_7729485894,euw1,EUW1,420,Ranked Solo/Duo,16.3.745.7600,16.3,1770926825097,1770926842176,1770928840099,1998,2026-02-12T22:07:05.097000,12/2/2026,33:18
EUW1_7729426360,euw1,EUW1,420,Ranked Solo/Duo,16.3.745.7600,16.3,1770925290659,1770925320825,1770926237052,916,2026-02-12T21:41:30.659000,12/2/2026,15:16
EUW1_7729344608,euw1,EUW1,420,Ranked Solo/Duo,16.3.745.7600,16.3,1770922799283,1770922810624,1770924171983,1361,2026-02-12T20:59:59.283000,12/2/2026,22:41
EUW1_7729245014,euw1,EUW1,420,Ranked Solo/Duo,16.3.745.7600,16.3,1770919845374,1770919891729,1770921157809,1266,2026-02-12T20:10:45.374000,12/2/2026,21:06
EUW1_7729144191,euw1,EUW1,420,Ranked Solo/Duo,16.3.745.7600,16.3,1770916731751,1770916747746,1770918230862,1483,2026-02-12T19:18:51.751000,12/2/2026,24:43
EUW1_7729046448,euw1,EUW1,420,Ranked Solo/Duo,16.3.745.7600,16.3,1770913516910,1770913534767,1770915771993,2237,2026-02-12T18:25:16.910000,12/2/2026,37:17
EUW1_7730635819,euw1,EUW1,420,Ranked Solo/Duo,16.3.745.7600,16.3,1770993419668,1770993438568,1770994638699,1200,2026-02-13T16:36:59.668000,13/2/2026,20:00
EUW1_7730581249,euw1,EUW1,420,Ranked Solo/Duo,16.3.745.7600,16.3,1770991296746,1770991313432,1770992247565,934,2026-02-13T16:01:36.746000,13/2/2026,15:34
EUW1_7730529724,euw1,EUW1,420,Ranked Solo/Duo,16.3.745.7600,16.3,1770988792204,1770988809017,1770990320756,1512,2026-02-13T15:19:52.204000,13/2/2026,25:12
EUW1_7729771711,euw1,EUW1,420,Ranked Solo/Duo,16.3.745.7600,16.3,1770934761390,1770934775146,1770936334404,1559,2026-02-13T00:19:21.390000,13/2/2026,25:59
EUW1_7729570675,euw1,EUW1,420,Ranked Solo/Duo,16.3.745.7600,16.3,1770929132089,1770929276833,1770930759985,1483,2026-02-12T22:45:32.089000,12/2/2026,24:43
EUW1_7729031459,euw1,EUW1,420,Ranked Solo/Duo,16.3.745.7600,16.3,1770912559375,1770912571414,1770914392696,1821,2026-02-12T18:09:19.375000,12/2/2026,30:21
EUW1_7736053895,euw1,EUW1,420,Ranked Solo/Duo,16.3.745.7600,16.3,1771259101254,1771259114243,1771260433377,1319,2026-02-16T18:25:01.254000,16/2/2026,21:59
EUW1_7728800450,euw1,EUW1,420,Ranked Solo/Duo,16.3.745.7600,16.3,1770903314612,1770903335109,1770905296865,1962,2026-02-12T15:35:14.612000,12/2/2026,32:42
EUW1_7728744451,euw1,EUW1,420,Ranked Solo/Duo,16.3.745.7600,16.3,1770900540513,1770900561364,1770902338877,1777,2026-02-12T14:49:00.513000,12/2/2026,29:37
EUW1_7728702821,euw1,EUW1,420,Ranked Solo/Duo,16.3.745.7600,16.3,1770897953930,1770898037850,1770899874123,1836,2026-02-12T14:05:53.930000,12/2/2026,30:36
EUW1_7728249182,euw1,EUW1,420,Ranked Solo/Duo,16.3.745.7600,16.3,1770854806441,1770854821373,1770856287181,1466,2026-02-12T02:06:46.441000,12/2/2026,24:26
EUW1_7726740202,euw1,EUW1,420,Ranked Solo/Duo,16.3.744.7656,16.3,1770766900595,1770766928538,1770768063910,1135,2026-02-11T01:41:40.595000,11/2/2026,18:55
EUW1_7726698567,euw1,EUW1,420,Ranked Solo/Duo,16.3.744.7656,16.3,1770764579325,1770764595337,1770766704872,2109,2026-02-11T01:02:59.325000,11/2/2026,35:09
EUW1_7735932297,euw1,EUW1,420,Ranked Solo/Duo,16.3.745.7600,16.3,1771254432548,1771254455643,1771255834581,1379,2026-02-16T17:07:12.548000,16/2/2026,22:59
EUW1_7735885096,euw1,EUW1,420,Ranked Solo/Duo,16.3.745.7600,16.3,1771252250652,1771252271214,1771253499153,1228,2026-02-16T16:30:50.652000,16/2/2026,20:28
EUW1_7735826921,euw1,EUW1,420,Ranked Solo/Duo,16.3.745.7600,16.3,1771249606691,1771249625530,1771251525834,1900,2026-02-16T15:46:46.691000,16/2/2026,31:40
EUW1_7735792730,euw1,EUW1,420,Ranked Solo/Duo,16.3.745.7600,16.3,1771247793210,1771247808193,1771249339082,1531,2026-02-16T15:16:33.210000,16/2/2026,25:31
EUW1_7735731834,euw1,EUW1,420,Ranked Solo/Duo,16.3.745.7600,16.3,1771244705646,1771244720532,1771246551664,1831,2026-02-16T14:25:05.646000,16/2/2026,30:31
EUW1_7734710011,euw1,EUW1,420,Ranked Solo/Duo,16.3.745.7600,16.3,1771184142184,1771184155823,1771185987871,1832,2026-02-15T21:35:42.184000,15/2/2026,30:32
EUW1_7740478484,euw1,EUW1,420,Ranked Solo/Duo,16.3.745.7600,16.3,1771470581016,1771470613352,1771472747377,2134,2026-02-19T05:09:41.016000,19/2/2026,35:34
EUW1_7740450726,euw1,EUW1,420,Ranked Solo/Duo,16.3.745.7600,16.3,1771468233182,1771468331776,1771470043439,1711,2026-02-19T04:30:33.182000,19/2/2026,28:31
EUW1_7736706250,euw1,EUW1,420,Ranked Solo/Duo,16.3.745.7600,16.3,1771278968346,1771278984891,1771280536289,1551,2026-02-16T23:56:08.346000,16/2/2026,25:51
EUW1_7737992149,euw1,EUW1,420,Ranked Solo/Duo,16.3.745.7600,16.3,1771354294646,1771354323600,1771355833938,1510,2026-02-17T20:51:34.646000,17/2/2026,25:10
EUW1_7736598958,euw1,EUW1,420,Ranked Solo/Duo,16.3.745.7600,16.3,1771275743649,1771275765491,1771277246097,1480,2026-02-16T23:02:23.649000,16/2/2026,24:40
EUW1_7740356809,euw1,EUW1,420,Ranked Solo/Duo,16.3.745.7600,16.3,1771461211533,1771461236653,1771462772219,1535,2026-02-19T02:33:31.533000,19/2/2026,25:35
EUN1_3911098055,eun1,EUN1,420,Ranked Solo/Duo,16.3.745.7600,16.3,1771267831939,1771267849059,1771269337780,1489,2026-02-16T20:50:31.939000,16/2/2026,24:49
EUN1_3911077969,eun1,EUN1,420,Ranked Solo/Duo,16.3.745.7600,16.3,1771266125403,1771266142379,1771267118997,976,2026-02-16T20:22:05.403000,16/2/2026,16:16
EUN1_3911069768,eun1,EUN1,420,Ranked Solo/Duo,16.3.745.7600,16.3,1771265235337,1771265320269,1771265906443,586,2026-02-16T20:07:15.337000,16/2/2026,09:46
EUN1_3911042338,eun1,EUN1,420,Ranked Solo/Duo,16.3.745.7600,16.3,1771262363520,1771262383877,1771264506126,2122,2026-02-16T19:19:23.520000,16/2/2026,35:22
EUN1_3911020978,eun1,EUN1,420,Ranked Solo/Duo,16.3.745.7600,16.3,1771260901151,1771260915266,1771261846647,931,2026-02-16T18:55:01.151000,16/2/2026,15:31
EUN1_3910996432,eun1,EUN1,420,Ranked Solo/Duo,16.3.745.7600,16.3,1771257640210,1771257673910,1771259037234,1363,2026-02-16T18:00:40.210000,16/2/2026,22:43
EUN1_3910974098,eun1,EUN1,420,Ranked Solo/Duo,16.3.745.7600,16.3,1771254717066,1771254760537,1771256444411,1684,2026-02-16T17:11:57.066000,16/2/2026,28:04
EUN1_3910954208,eun1,EUN1,420,Ranked Solo/Duo,16.3.745.7600,16.3,1771252254259,1771252345158,1771254164644,1819,2026-02-16T16:30:54.259000,16/2/2026,30:19
EUN1_3910937027,eun1,EUN1,420,Ranked Solo/Duo,16.3.745.7600,16.3,1771250820787,1771250845291,1771251756872,912,2026-02-16T16:07:00.787000,16/2/2026,15:12
EUN1_3910938114,eun1,EUN1,420,Ranked Solo/Duo,16.3.745.7600,16.3,1771249723287,1771249750563,1771250280982,530,2026-02-16T15:48:43.287000,16/2/2026,08:50
EUN1_3909098135,eun1,EUN1,420,Ranked Solo/Duo,16.3.745.7600,16.3,1770955750302,1770955844059,1770957686928,1843,2026-02-13T06:09:10.302000,13/2/2026,30:43
EUN1_3909090391,eun1,EUN1,420,Ranked Solo/Duo,16.3.745.7600,16.3,1770952227525,1770952248910,1770953221966,973,2026-02-13T05:10:27.525000,13/2/2026,16:13
EUN1_3909079789,eun1,EUN1,420,Ranked Solo/Duo,16.3.745.7600,16.3,1770948116201,1770948139698,1770949852530,1713,2026-02-13T04:01:56.201000,13/2/2026,28:33
EUN1_3909067751,eun1,EUN1,420,Ranked Solo/Duo,16.3.745.7600,16.3,1770944001897,1770944031411,1770946061549,2030,2026-02-13T02:53:21.897000,13/2/2026,33:50
EUN1_3909046978,eun1,EUN1,420,Ranked Solo/Duo,16.3.745.7600,16.3,1770940420803,1770940432988,1770942118091,1685,2026-02-13T01:53:40.803000,13/2/2026,28:05
EUN1_3908653763,eun1,EUN1,420,Ranked Solo/Duo,16.3.745.7600,16.3,1770900830781,1770900942847,1770902826652,1884,2026-02-12T14:53:50.781000,12/2/2026,31:24
EUN1_3908561996,eun1,EUN1,420,Ranked Solo/Duo,16.3.745.7600,16.3,1770868677409,1770868689463,1770870542726,1853,2026-02-12T05:57:57.409000,12/2/2026,30:53
EUN1_3908563392,eun1,EUN1,420,Ranked Solo/Duo,16.3.745.7600,16.3,1770864970688,1770864990588,1770866559447,1569,2026-02-12T04:56:10.688000,12/2/2026,26:09
EUN1_3908553720,eun1,EUN1,420,Ranked Solo/Duo,16.3.745.7600,16.3,1770861525949,1770861556017,1770863322817,1767,2026-02-12T03:58:45.949000,12/2/2026,29:27
EUN1_3908540597,eun1,EUN1,420,Ranked Solo/Duo,16.3.745.7600,16.3,1770857514806,1770857549972,1770859794646,2245,2026-02-12T02:51:54.806000,12/2/2026,37:25
EUN1_3912255909,eun1,EUN1,420,Ranked Solo/Duo,16.3.745.7600,16.3,1771448484529,1771448504540,1771450046881,1542,2026-02-18T23:01:24.529000,18/2/2026,25:42
EUN1_3912225114,eun1,EUN1,420,Ranked Solo/Duo,16.3.745.7600,16.3,1771445673440,1771445702310,1771447079181,1377,2026-02-18T22:14:33.440000,18/2/2026,22:57
EUN1_3912192545,eun1,EUN1,420,Ranked Solo/Duo,16.3.745.7600,16.3,1771443347720,1771443377383,1771444832003,1455,2026-02-18T21:35:47.720000,18/2/2026,24:15
EUN1_3911521160,eun1,EUN1,420,Ranked Solo/Duo,16.3.745.7600,16.3,1771343157140,1771343254651,1771345085134,1830,2026-02-17T17:45:57.140000,17/2/2026,30:30
EUN1_3911466745,eun1,EUN1,420,Ranked Solo/Duo,16.3.745.7600,16.3,1771336987559,1771337009177,1771338635406,1626,2026-02-17T16:03:07.559000,17/2/2026,27:06
EUN1_3911721837,eun1,EUN1,440,Ranked Flex 5v5,16.3.745.7600,16.3,1771361023154,1771361131654,1771362724073,1592,2026-02-17T22:43:43.154000,17/2/2026,26:32
EUN1_3911694522,eun1,EUN1,440,Ranked Flex 5v5,16.3.745.7600,16.3,1771358697941,1771358737123,1771360427495,1690,2026-02-17T22:04:57.941000,17/2/2026,28:10
EUN1_3911664402,eun1,EUN1,440,Ranked Flex 5v5,16.3.745.7600,16.3,1771356464136,1771356507279,1771358034045,1527,2026-02-17T21:27:44.136000,17/2/2026,25:27
EUN1_3908339303,eun1,EUN1,440,Ranked Flex 5v5,16.3.745.7600,16.3,1770838207428,1770838234607,1770840171081,1936,2026-02-11T21:30:07.428000,11/2/2026,32:16
EUN1_3906700969,eun1,EUN1,440,Ranked Flex 5v5,16.3.744.7656,16.3,1770581642496,1770581676071,1770583379182,1703,2026-02-08T22:14:02.496000,8/2/2026,28:23
EUN1_3906672263,eun1,EUN1,440,Ranked Flex 5v5,16.3.744.7656,16.3,1770579351225,1770579381965,1770580782861,1401,2026-02-08T21:35:51.225000,8/2/2026,23:21
EUN1_3906633762,eun1,EUN1,440,Ranked Flex 5v5,16.3.744.7656,16.3,1770577046647,1770577079736,1770578965438,1886,2026-02-08T20:57:26.647000,8/2/2026,31:26
EUN1_3906126952,eun1,EUN1,440,Ranked Flex 5v5,16.3.744.7656,16.3,1770504100614,1770504124842,1770506498207,2373,2026-02-08T00:41:40.614000,8/2/2026,39:33
EUN1_3906095459,eun1,EUN1,440,Ranked Flex 5v5,16.3.744.7656,16.3,1770501366261,1770501423820,1770503139126,1715,2026-02-07T23:56:06.261000,7/2/2026,28:35
EUN1_3906070697,eun1,EUN1,440,Ranked Flex 5v5,16.3.744.7656,16.3,1770499719948,1770499743961,1770500763170,1019,2026-02-07T23:28:39.948000,7/2/2026,16:59
EUN1_3912104154,eun1,EUN1,440,Ranked Flex 5v5,16.3.745.7600,16.3,1771435672995,1771435754191,1771436686819,933,2026-02-18T19:27:52.995000,18/2/2026,15:33
EUN1_3908944426,eun1,EUN1,440,Ranked Flex 5v5,16.3.745.7600,16.3,1770930056835,1770930091568,1770931857631,1766,2026-02-12T23:00:56.835000,12/2/2026,29:26
EUN1_3908911374,eun1,EUN1,440,Ranked Flex 5v5,16.3.745.7600,16.3,1770927548062,1770927645692,1770929791860,2146,2026-02-12T22:19:08.062000,12/2/2026,35:46
EUN1_3908528316,eun1,EUN1,440,Ranked Flex 5v5,16.3.745.7600,16.3,1770854365614,1770854402876,1770856400176,1997,2026-02-12T01:59:25.614000,12/2/2026,33:17
EUN1_3908509526,eun1,EUN1,440,Ranked Flex 5v5,16.3.745.7600,16.3,1770852260563,1770852504618,1770854122867,1618,2026-02-12T01:24:20.563000,12/2/2026,26:58
EUN1_3905498618,eun1,EUN1,440,Ranked Flex 5v5,16.3.744.7656,16.3,1770418465374,1770418495510,1770420193912,1698,2026-02-07T00:54:25.374000,7/2/2026,28:18
EUN1_3905482525,eun1,EUN1,440,Ranked Flex 5v5,16.3.744.7656,16.3,1770417014636,1770417027884,1770418269813,1242,2026-02-07T00:30:14.636000,7/2/2026,20:42
EUN1_3905450604,eun1,EUN1,440,Ranked Flex 5v5,16.3.744.7656,16.3,1770414690333,1770414728358,1770416164440,1436,2026-02-06T23:51:30.333000,6/2/2026,23:56
EUN1_3904832455,eun1,EUN1,440,Ranked Flex 5v5,16.3.742.6169,16.3,1770325131141,1770325158538,1770326702376,1544,2026-02-05T22:58:51.141000,5/2/2026,25:44
EUN1_3904798296,eun1,EUN1,440,Ranked Flex 5v5,16.3.742.6169,16.3,1770322721429,1770322753439,1770324817606,2064,2026-02-05T22:18:41.429000,5/2/2026,34:24
EUN1_3912263126,eun1,EUN1,440,Ranked Flex 5v5,16.3.745.7600,16.3,1771448411306,1771448432006,1771449739130,1307,2026-02-18T23:00:11.306000,18/2/2026,21:47
EUN1_3912224087,eun1,EUN1,440,Ranked Flex 5v5,16.3.745.7600,16.3,1771445438766,1771445455971,1771448023447,2567,2026-02-18T22:10:38.766000,18/2/2026,42:47
EUN1_3912188857,eun1,EUN1,440,Ranked Flex 5v5,16.3.745.7600,16.3,1771443374660,1771443391001,1771444954858,1564,2026-02-18T21:36:14.660000,18/2/2026,26:04
EUN1_3911863239,eun1,EUN1,440,Ranked Flex 5v5,16.3.745.7600,16.3,1771375907638,1771375933065,1771377882617,1949,2026-02-18T02:51:47.638000,18/2/2026,32:29
EUN1_3912087884,eun1,EUN1,440,Ranked Flex 5v5,16.3.745.7600,16.3,1771434856531,1771434966234,1771436454506,1488,2026-02-18T19:14:16.531000,18/2/2026,24:48
NA1_5494453720,na1,NA1,420,Ranked Solo/Duo,16.3.745.7600,16.3,1771371087605,1771371112269,1771372842139,1730,2026-02-18T01:31:27.605000,18/2/2026,28:50
NA1_5492839993,na1,NA1,420,Ranked Solo/Duo,16.3.745.7600,16.3,1771198475706,1771198495829,1771200222276,1726,2026-02-16T01:34:35.706000,16/2/2026,28:46
NA1_5492818186,na1,NA1,420,Ranked Solo/Duo,16.3.745.7600,16.3,1771196875646,1771196892915,1771198211552,1319,2026-02-16T01:07:55.646000,16/2/2026,21:59
NA1_5492782897,na1,NA1,420,Ranked Solo/Duo,16.3.745.7600,16.3,1771194109485,1771194124282,1771195066459,942,2026-02-16T00:21:49.485000,16/2/2026,15:42
NA1_5492765125,na1,NA1,420,Ranked Solo/Duo,16.3.745.7600,16.3,1771192843482,1771192857150,1771193769912,913,2026-02-16T00:00:43.482000,16/2/2026,15:13
NA1_5492697484,na1,NA1,420,Ranked Solo/Duo,16.3.745.7600,16.3,1771187542797,1771187637167,1771188911634,1274,2026-02-15T22:32:22.797000,15/2/2026,21:14
NA1_5492691011,na1,NA1,420,Ranked Solo/Duo,16.3.745.7600,16.3,1771186801843,1771186814089,1771186896595,82,2026-02-15T22:20:01.843000,15/2/2026,01:22
NA1_5492659599,na1,NA1,420,Ranked Solo/Duo,16.3.745.7600,16.3,1771184308211,1771184332850,1771186526752,2194,2026-02-15T21:38:28.211000,15/2/2026,36:34
NA1_5492633602,na1,NA1,420,Ranked Solo/Duo,16.3.745.7600,16.3,1771181878179,1771181903490,1771183520373,1617,2026-02-15T20:57:58.179000,15/2/2026,26:57
NA1_5492621192,na1,NA1,420,Ranked Solo/Duo,16.3.745.7600,16.3,1771180408365,1771180426342,1771181621607,1195,2026-02-15T20:33:28.365000,15/2/2026,19:55
NA1_5494586126,na1,NA1,420,Ranked Solo/Duo,16.3.745.7600,16.3,1771380130146,1771380189890,1771381670997,1481,2026-02-18T04:02:10.146000,18/2/2026,24:41
NA1_5494556685,na1,NA1,420,Ranked Solo/Duo,16.3.745.7600,16.3,1771378476801,1771378503313,1771379460315,957,2026-02-18T03:34:36.801000,18/2/2026,15:57
NA1_5494524249,na1,NA1,420,Ranked Solo/Duo,16.3.745.7600,16.3,1771376238508,1771376254428,1771378103682,1849,2026-02-18T02:57:18.508000,18/2/2026,30:49
NA1_5494505221,na1,NA1,420,Ranked Solo/Duo,16.3.745.7600,16.3,1771374938255,1771374956676,1771375968024,1011,2026-02-18T02:35:38.255000,18/2/2026,16:51
NA1_5494476662,na1,NA1,420,Ranked Solo/Duo,16.3.745.7600,16.3,1771373050184,1771373065657,1771373800504,735,2026-02-18T02:04:10.184000,18/2/2026,12:15
NA1_5494454052,na1,NA1,420,Ranked Solo/Duo,16.3.745.7600,16.3,1771370777266,1771370793892,1771372831651,2038,2026-02-18T01:26:17.266000,18/2/2026,33:58
NA1_5494429799,na1,NA1,420,Ranked Solo/Duo,16.3.745.7600,16.3,1771368470835,1771368486814,1771370501798,2015,2026-02-18T00:47:50.835000,18/2/2026,33:35
NA1_5494402785,na1,NA1,420,Ranked Solo/Duo,16.3.745.7600,16.3,1771365943649,1771365956905,1771367576381,1619,2026-02-18T00:05:43.649000,18/2/2026,26:59
NA1_5483551531,na1,NA1,420,Ranked Solo/Duo,16.3.742.6169,16.3,1770245767747,1770245779439,1770246892768,1113,2026-02-05T00:56:07.747000,5/2/2026,18:33
NA1_5483528879,na1,NA1,420,Ranked Solo/Duo,16.3.742.6169,16.3,1770243785188,1770243799382,1770245437890,1638,2026-02-05T00:23:05.188000,5/2/2026,27:18
NA1_5495521224,na1,NA1,420,Ranked Solo/Duo,16.3.745.7600,16.3,1771477725417,1771477742637,1771479429031,1686,2026-02-19T07:08:45.417000,19/2/2026,28:06
NA1_5495474007,na1,NA1,420,Ranked Solo/Duo,16.3.745.7600,16.3,1771474792002,1771474805521,1771476998871,2193,2026-02-19T06:19:52.002000,19/2/2026,36:33
NA1_5495436738,na1,NA1,420,Ranked Solo/Duo,16.3.745.7600,16.3,1771472512040,1771472528842,1771474330401,1802,2026-02-19T05:41:52.040000,19/2/2026,30:02
NA1_5495386565,na1,NA1,420,Ranked Solo/Duo,16.3.745.7600,16.3,1771469889101,1771469906404,1771471359829,1453,2026-02-19T04:58:09.101000,19/2/2026,24:13
NA1_5495342938,na1,NA1,420,Ranked Solo/Duo,16.3.745.7600,16.3,1771467292554,1771467315134,1771469413748,2099,2026-02-19T04:14:52.554000,19/2/2026,34:59
NA1_5492259014,na1,NA1,440,Ranked Flex 5v5,16.3.745.7600,16.3,1771130536036,1771130573341,1771131976786,1403,2026-02-15T06:42:16.036000,15/2/2026,23:23
NA1_5492179405,na1,NA1,440,Ranked Flex 5v5,16.3.745.7600,16.3,1771125986275,1771126001783,1771127299747,1298,2026-02-15T05:26:26.275000,15/2/2026,21:38
NA1_5492319258,na1,NA1,440,Ranked Flex 5v5,16.3.745.7600,16.3,1771134238663,1771134269380,1771135704826,1435,2026-02-15T07:43:58.663000,15/2/2026,23:55
NA1_5492290261,na1,NA1,440,Ranked Flex 5v5,16.3.745.7600,16.3,1771132428026,1771132458865,1771134018908,1560,2026-02-15T07:13:48.026000,15/2/2026,26:00
NA1_5492210008,na1,NA1,440,Ranked Flex 5v5,16.3.745.7600,16.3,1771127613480,1771127641168,1771129533407,1892,2026-02-15T05:53:33.480000,15/2/2026,31:32
NA1_5492172085,na1,NA1,440,Ranked Flex 5v5,16.3.745.7600,16.3,1771125493311,1771125529001,1771127225405,1696,2026-02-15T05:18:13.311000,15/2/2026,28:16
NA1_5487069581,na1,NA1,440,Ranked Flex 5v5,16.3.744.7656,16.3,1770579607380,1770579631904,1770581365577,1734,2026-02-08T21:40:07.380000,8/2/2026,28:54
NA1_5487038735,na1,NA1,440,Ranked Flex 5v5,16.3.744.7656,16.3,1770576787485,1770576808399,1770578643423,1835,2026-02-08T20:53:07.485000,8/2/2026,30:35
NA1_5486997844,na1,NA1,440,Ranked Flex 5v5,16.3.744.7656,16.3,1770572965451,1770573005501,1770574914881,1909,2026-02-08T19:49:25.451000,8/2/2026,31:49
NA1_5495349575,na1,NA1,440,Ranked Flex 5v5,16.3.745.7600,16.3,1771467846200,1771467936054,1771469785451,1849,2026-02-19T04:24:06.200000,19/2/2026,30:49
NA1_5495259793,na1,NA1,440,Ranked Flex 5v5,16.3.745.7600,16.3,1771461792961,1771461813082,1771464064209,2251,2026-02-19T02:43:12.961000,19/2/2026,37:31
NA1_5495220227,na1,NA1,440,Ranked Flex 5v5,16.3.745.7600,16.3,1771458870399,1771458889828,1771460005758,1116,2026-02-19T01:54:30.399000,19/2/2026,18:36
NA1_5495195404,na1,NA1,440,Ranked Flex 5v5,16.3.745.7600,16.3,1771456771642,1771456799618,1771458647632,1848,2026-02-19T01:19:31.642000,19/2/2026,30:48
NA1_5494789771,na1,NA1,440,Ranked Flex 5v5,16.3.745.7600,16.3,1771391794753,1771391815129,1771393785545,1970,2026-02-18T07:16:34.753000,18/2/2026,32:50
NA1_5494746436,na1,NA1,440,Ranked Flex 5v5,16.3.745.7600,16.3,1771389260831,1771389281311,1771391406807,2125,2026-02-18T06:34:20.831000,18/2/2026,35:25
NA1_5494703320,na1,NA1,440,Ranked Flex 5v5,16.3.745.7600,16.3,1771386795991,1771386815348,1771388744621,1929,2026-02-18T05:53:15.991000,18/2/2026,32:09
NA1_5494673450,na1,NA1,440,Ranked Flex 5v5,16.3.745.7600,16.3,1771385165824,1771385187161,1771386416191,1229,2026-02-18T05:26:05.824000,18/2/2026,20:29
NA1_5494851597,na1,NA1,440,Ranked Flex 5v5,16.3.745.7600,16.3,1771396733013,1771396752670,1771399133124,2380,2026-02-18T08:38:53.013000,18/2/2026,39:40
NA1_5494823625,na1,NA1,440,Ranked Flex 5v5,16.3.745.7600,16.3,1771394422163,1771394446210,1771396485154,2039,2026-02-18T08:00:22.163000,18/2/2026,33:59
NA1_5492377390,na1,NA1,440,Ranked Flex 5v5,16.3.745.7600,16.3,1771138403355,1771138432046,1771140407314,1975,2026-02-15T08:53:23.355000,15/2/2026,32:55
NA1_5492350149,na1,NA1,440,Ranked Flex 5v5,16.3.745.7600,16.3,1771136218962,1771136251855,1771137812557,1561,2026-02-15T08:16:58.962000,15/2/2026,26:01
BR1_3207972436,br1,BR1,420,Ranked Solo/Duo,16.3.745.7600,16.3,1771452845587,1771452878543,1771454001801,1123,2026-02-19T00:14:05.587000,19/2/2026,18:43
BR1_3207966125,br1,BR1,420,Ranked Solo/Duo,16.3.745.7600,16.3,1771452137413,1771452237051,1771452329055,92,2026-02-19T00:02:17.413000,19/2/2026,01:32
BR1_3207675242,br1,BR1,420,Ranked Solo/Duo,16.3.745.7600,16.3,1771382091278,1771382107267,1771383796982,1690,2026-02-18T04:34:51.278000,18/2/2026,28:10
BR1_3207653419,br1,BR1,420,Ranked Solo/Duo,16.3.745.7600,16.3,1771379672196,1771379684954,1771380598942,914,2026-02-18T03:54:32.196000,18/2/2026,15:14
BR1_3207452396,br1,BR1,420,Ranked Solo/Duo,16.3.745.7600,16.3,1771359884688,1771359898612,1771362347697,2449,2026-02-17T22:24:44.688000,17/2/2026,40:49
BR1_3207432437,br1,BR1,420,Ranked Solo/Duo,16.3.745.7600,16.3,1771357836820,1771357864842,1771359370966,1506,2026-02-17T21:50:36.820000,17/2/2026,25:06
BR1_3207410123,br1,BR1,420,Ranked Solo/Duo,16.3.745.7600,16.3,1771355257795,1771355290175,1771357296839,2007,2026-02-17T21:07:37.795000,17/2/2026,33:27
BR1_3207301177,br1,BR1,420,Ranked Solo/Duo,16.3.745.7600,16.3,1771340930558,1771340948375,1771341860874,912,2026-02-17T17:08:50.558000,17/2/2026,15:12
BR1_3207151497,br1,BR1,420,Ranked Solo/Duo,16.3.745.7600,16.3,1771295443027,1771295458043,1771297436550,1978,2026-02-17T04:30:43.027000,17/2/2026,32:58
BR1_3207104672,br1,BR1,420,Ranked Solo/Duo,16.3.745.7600,16.3,1771290626656,1771290690611,1771292165878,1475,2026-02-17T03:10:26.656000,17/2/2026,24:35
BR1_3205463888,br1,BR1,420,Ranked Solo/Duo,16.3.745.7600,16.3,1770997815614,1770998060448,1770998127417,67,2026-02-13T17:50:15.614000,13/2/2026,01:07
BR1_3202401592,br1,BR1,420,Ranked Solo/Duo,16.3.744.1639,16.3,1770401196030,1770401226389,1770403517832,2291,2026-02-06T20:06:36.030000,6/2/2026,38:11
BR1_3202386148,br1,BR1,420,Ranked Solo/Duo,16.3.744.1639,16.3,1770398222701,1770398247972,1770399489317,1241,2026-02-06T19:17:02.701000,6/2/2026,20:41
BR1_3202368374,br1,BR1,420,Ranked Solo/Duo,16.3.744.1639,16.3,1770394886263,1770394993816,1770396724801,1731,2026-02-06T18:21:26.263000,6/2/2026,28:51
BR1_3202351375,br1,BR1,420,Ranked Solo/Duo,16.3.744.1639,16.3,1770391274182,1770391289030,1770392964878,1676,2026-02-06T17:21:14.182000,6/2/2026,27:56
BR1_3202343775,br1,BR1,420,Ranked Solo/Duo,16.3.744.1639,16.3,1770389639083,1770389661747,1770390766480,1105,2026-02-06T16:53:59.083000,6/2/2026,18:25
BR1_3202337225,br1,BR1,420,Ranked Solo/Duo,16.3.744.1639,16.3,1770387183101,1770387252797,1770388185087,932,2026-02-06T16:13:03.101000,6/2/2026,15:32
BR1_3202324359,br1,BR1,420,Ranked Solo/Duo,16.3.744.1639,16.3,1770383698366,1770383763975,1770385651926,1888,2026-02-06T15:14:58.366000,6/2/2026,31:28
BR1_3202313792,br1,BR1,420,Ranked Solo/Duo,16.3.744.1639,16.3,1770379806331,1770379833005,1770381741522,1908,2026-02-06T14:10:06.331000,6/2/2026,31:48
BR1_3202305409,br1,BR1,420,Ranked Solo/Duo,16.3.744.1639,16.3,1770372718200,1770372755626,1770374971413,2216,2026-02-06T12:11:58.200000,6/2/2026,36:56
BR1_3208180479,br1,BR1,420,Ranked Solo/Duo,16.3.745.7600,16.3,1771478640223,1771478664279,1771480330606,1666,2026-02-19T07:24:00.223000,19/2/2026,27:46
BR1_3208171419,br1,BR1,420,Ranked Solo/Duo,16.3.745.7600,16.3,1771475857817,1771475873802,1771477665437,1791,2026-02-19T06:37:37.817000,19/2/2026,29:51
BR1_3208154320,br1,BR1,420,Ranked Solo/Duo,16.3.745.7600,16.3,1771472065842,1771472081804,1771474178580,2097,2026-02-19T05:34:25.842000,19/2/2026,34:57
BR1_3208119899,br1,BR1,420,Ranked Solo/Duo,16.3.745.7600,16.3,1771467565465,1771467600674,1771468537209,936,2026-02-19T04:19:25.465000,19/2/2026,15:36
BR1_3208080914,br1,BR1,420,Ranked Solo/Duo,16.3.745.7600,16.3,1771463510379,1771463544907,1771465414139,1869,2026-02-19T03:11:50.379000,19/2/2026,31:09
BR1_3207990466,br1,BR1,420,Ranked Solo/Duo,16.3.745.7600,16.3,1771454890246,1771454911030,1771457025141,2114,2026-02-19T00:48:10.246000,19/2/2026,35:14
BR1_3207972728,br1,BR1,420,Ranked Solo/Duo,16.3.745.7600,16.3,1771453003845,1771453039883,1771454588031,1548,2026-02-19T00:16:43.845000,19/2/2026,25:48
BR1_3207949634,br1,BR1,420,Ranked Solo/Duo,16.3.745.7600,16.3,1771450241976,1771450258851,1771451915482,1657,2026-02-18T23:30:41.976000,18/2/2026,27:37
BR1_3207933325,br1,BR1,420,Ranked Solo/Duo,16.3.745.7600,16.3,1771448039270,1771448065599,1771450004876,1939,2026-02-18T22:53:59.270000,18/2/2026,32:19
BR1_3207912941,br1,BR1,420,Ranked Solo/Duo,16.3.745.7600,16.3,1771445513423,1771445631384,1771447645262,2014,2026-02-18T22:11:53.423000,18/2/2026,33:34
BR1_3207897233,br1,BR1,420,Ranked Solo/Duo,16.3.745.7600,16.3,1771443055953,1771443074112,1771445148454,2074,2026-02-18T21:30:55.953000,18/2/2026,34:34
BR1_3207884212,br1,BR1,420,Ranked Solo/Duo,16.3.745.7600,16.3,1771441225908,1771441251983,1771442197793,946,2026-02-18T21:00:25.908000,18/2/2026,15:46
BR1_3206517421,br1,BR1,420,Ranked Solo/Duo,16.3.745.7600,16.3,1771190355316,1771190394727,1771192241936,1847,2026-02-15T23:19:15.316000,15/2/2026,30:47
BR1_3208116513,br1,BR1,420,Ranked Solo/Duo,16.3.745.7600,16.3,1771466935915,1771466978136,1771468825304,1847,2026-02-19T04:08:55.915000,19/2/2026,30:47
BR1_3208090262,br1,BR1,420,Ranked Solo/Duo,16.3.745.7600,16.3,1771464311316,1771464337379,1771465954652,1617,2026-02-19T03:25:11.316000,19/2/2026,26:57
BR1_3208073183,br1,BR1,420,Ranked Solo/Duo,16.3.745.7600,16.3,1771462504189,1771462522039,1771463875523,1353,2026-02-19T02:55:04.189000,19/2/2026,22:33
BR1_3208017733,br1,BR1,420,Ranked Solo/Duo,16.3.745.7600,16.3,1771457610545,1771457626083,1771459304964,1679,2026-02-19T01:33:30.545000,19/2/2026,27:59
BR1_3208135359,br1,BR1,420,Ranked Solo/Duo,16.3.745.7600,16.3,1771469196253,1771469227405,1771471237331,2010,2026-02-19T04:46:36.253000,19/2/2026,33:30
BR1_3208096971,br1,BR1,420,Ranked Solo/Duo,16.3.745.7600,16.3,1771465045929,1771465066693,1771466235755,1169,2026-02-19T03:37:25.929000,19/2/2026,19:29
BR1_3208078038,br1,BR1,420,Ranked Solo/Duo,16.3.745.7600,16.3,1771463054900,1771463081539,1771464782818,1701,2026-02-19T03:04:14.900000,19/2/2026,28:21
BR1_3208053778,br1,BR1,420,Ranked Solo/Duo,16.3.745.7600,16.3,1771460866474,1771460899833,1771462576028,1676,2026-02-19T02:27:46.474000,19/2/2026,27:56
BR1_3207995379,br1,BR1,420,Ranked Solo/Duo,16.3.745.7600,16.3,1771455296622,1771455427822,1771457258321,1830,2026-02-19T00:54:56.622000,19/2/2026,30:30
BR1_3208039008,br1,BR1,420,Ranked Solo/Duo,16.3.745.7600,16.3,1771459444442,1771459541712,1771461100201,1558,2026-02-19T02:04:04.442000,19/2/2026,25:58
BR1_3208062041,br1,BR1,420,Ranked Solo/Duo,16.3.745.7600,16.3,1771461550371,1771461595882,1771461829390,233,2026-02-19T02:39:10.371000,19/2/2026,03:53
BR1_3208049444,br1,BR1,420,Ranked Solo/Duo,16.3.745.7600,16.3,1771460396213,1771460640352,1771460715258,80,2026-02-19T02:19:56.213000,19/2/2026,01:20
BR1_3208181830,br1,BR1,420,Ranked Solo/Duo,16.3.745.7600,16.3,1771479329832,1771479395372,1771480828897,1433,2026-02-19T07:35:29.832000,19/2/2026,23:53
BR1_3208086164,br1,BR1,420,Ranked Solo/Duo,16.3.745.7600,16.3,1771463863291,1771463891109,1771465011362,1120,2026-02-19T03:17:43.291000,19/2/2026,18:40
BR1_3208067713,br1,BR1,420,Ranked Solo/Duo,16.3.745.7600,16.3,1771462292119,1771462307851,1771463241583,934,2026-02-19T02:51:32.119000,19/2/2026,15:34
BR1_3205440766,br1,BR1,420,Ranked Solo/Duo,16.3.745.7600,16.3,1770992224866,1770992260453,1770993180911,920,2026-02-13T16:17:04.866000,13/2/2026,15:20
LA1_1693548251,la1,LA1,420,Ranked Solo/Duo,16.3.745.7600,16.3,1771124280396,1771124309380,1771126450191,2141,2026-02-15T04:58:00.396000,15/2/2026,35:41
LA1_1693533054,la1,LA1,420,Ranked Solo/Duo,16.3.745.7600,16.3,1771121876574,1771121907588,1771123741541,1834,2026-02-15T04:17:56.574000,15/2/2026,30:34
LA1_1693515424,la1,LA1,420,Ranked Solo/Duo,16.3.745.7600,16.3,1771118675685,1771118717003,1771120120963,1404,2026-02-15T03:24:35.685000,15/2/2026,23:24
LA1_1693499846,la1,LA1,420,Ranked Solo/Duo,16.3.745.7600,16.3,1771115874984,1771115932814,1771118039327,2110,2026-02-15T02:37:54.984000,15/2/2026,35:10
LA1_1693489760,la1,LA1,420,Ranked Solo/Duo,16.3.745.7600,16.3,1771114055017,1771114079554,1771115261849,1182,2026-02-15T02:07:35.017000,15/2/2026,19:42
LA1_1693484013,la1,LA1,420,Ranked Solo/Duo,16.3.745.7600,16.3,1771112233218,1771112272600,1771113585824,1313,2026-02-15T01:37:13.218000,15/2/2026,21:53
LA1_1693474862,la1,LA1,420,Ranked Solo/Duo,16.3.745.7600,16.3,1771110818943,1771110849133,1771111760279,911,2026-02-15T01:13:38.943000,15/2/2026,15:11
LA1_1693466159,la1,LA1,420,Ranked Solo/Duo,16.3.745.7600,16.3,1771108457225,1771108501635,1771110587194,2086,2026-02-15T00:34:17.225000,15/2/2026,34:46
LA1_1693453284,la1,LA1,420,Ranked Solo/Duo,16.3.745.7600,16.3,1771105822053,1771105943753,1771107699651,1756,2026-02-14T23:50:22.053000,14/2/2026,29:16
LA1_1693443684,la1,LA1,420,Ranked Solo/Duo,16.3.745.7600,16.3,1771103588728,1771103632451,1771105222510,1590,2026-02-14T23:13:08.728000,14/2/2026,26:30
LA1_1694656000,la1,LA1,420,Ranked Solo/Duo,16.3.745.7600,16.3,1771457822884,1771457866569,1771459911012,2044,2026-02-19T01:37:02.884000,19/2/2026,34:04
LA1_1694646281,la1,LA1,420,Ranked Solo/Duo,16.3.745.7600,16.3,1771454966995,1771454988563,1771456777242,1789,2026-02-19T00:49:26.995000,19/2/2026,29:49
LA1_1694636479,la1,LA1,420,Ranked Solo/Duo,16.3.745.7600,16.3,1771452957093,1771453002298,1771453927876,926,2026-02-19T00:15:57.093000,19/2/2026,15:26
LA1_1694624809,la1,LA1,420,Ranked Solo/Duo,16.3.745.7600,16.3,1771450237994,1771450258221,1771452124811,1867,2026-02-18T23:30:37.994000,18/2/2026,31:07
LA1_1694615619,la1,LA1,420,Ranked Solo/Duo,16.3.745.7600,16.3,1771447372882,1771447395347,1771449380363,1990,2026-02-18T22:42:52.882000,18/2/2026,33:10
NA1_5488867907,la1,NA1,420,Ranked Solo/Duo,16.3.744.7656,16.3,1770768680673,1770768699091,1770769904886,1206,2026-02-11T02:11:20.673000,11/2/2026,20:06
NA1_5488746494,la1,NA1,420,Ranked Solo/Duo,16.3.744.7656,16.3,1770757390190,1770757430764,1770759192518,1762,2026-02-10T23:03:10.190000,10/2/2026,29:22
NA1_5488569075,la1,NA1,420,Ranked Solo/Duo,16.3.744.7656,16.3,1770722012418,1770722049556,1770723285625,1236,2026-02-10T13:13:32.418000,10/2/2026,20:36
NA1_5488565016,la1,NA1,420,Ranked Solo/Duo,16.3.744.7656,16.3,1770720569749,1770720586277,1770721799100,1213,2026-02-10T12:49:29.749000,10/2/2026,20:13
NA1_5488556189,la1,NA1,420,Ranked Solo/Duo,16.3.744.7656,16.3,1770718072702,1770718086999,1770720178124,2091,2026-02-10T12:07:52.702000,10/2/2026,34:51
NA1_5488523477,la1,NA1,420,Ranked Solo/Duo,16.3.744.7656,16.3,1770711619941,1770711632384,1770712893414,1261,2026-02-10T10:20:19.941000,10/2/2026,21:01
NA1_5488514854,la1,NA1,420,Ranked Solo/Duo,16.3.744.7656,16.3,1770710151537,1770710166798,1770711307442,1141,2026-02-10T09:55:51.537000,10/2/2026,19:01
NA1_5488493186,la1,NA1,420,Ranked Solo/Duo,16.3.744.7656,16.3,1770707865574,1770707886551,1770709871561,1985,2026-02-10T09:17:45.574000,10/2/2026,33:05
NA1_5488468234,la1,NA1,420,Ranked Solo/Duo,16.3.744.7656,16.3,1770705624278,1770705637270,1770707314394,1677,2026-02-10T08:40:24.278000,10/2/2026,27:57
NA1_5488444855,la1,NA1,420,Ranked Solo/Duo,16.3.744.7656,16.3,1770703689586,1770703703836,1770705233575,1530,2026-02-10T08:08:09.586000,10/2/2026,25:30
LA1_1694789866,la1,LA1,440,Ranked Flex 5v5,16.3.745.7600,16.3,1771479239284,1771479364386,1771480950224,1586,2026-02-19T07:33:59.284000,19/2/2026,26:26
LA1_1694642412,la1,LA1,440,Ranked Flex 5v5,16.3.745.7600,16.3,1771454130051,1771454164941,1771455586011,1421,2026-02-19T00:35:30.051000,19/2/2026,23:41
LA1_1694632534,la1,LA1,440,Ranked Flex 5v5,16.3.745.7600,16.3,1771452014922,1771452109114,1771453559434,1450,2026-02-19T00:00:14.922000,19/2/2026,24:10
LA1_1693920882,la1,LA1,440,Ranked Flex 5v5,16.3.745.7600,16.3,1771216688689,1771216781437,1771218146976,1365,2026-02-16T06:38:08.689000,16/2/2026,22:45
LA1_1693907051,la1,LA1,440,Ranked Flex 5v5,16.3.745.7600,16.3,1771214196997,1771214224406,1771216318439,2094,2026-02-16T05:56:36.997000,16/2/2026,34:54
LA1_1691206464,la1,LA1,440,Ranked Flex 5v5,16.3.744.7656,16.3,1770437065002,1770437099435,1770439331758,2232,2026-02-07T06:04:25.002000,7/2/2026,37:12
LA1_1691191496,la1,LA1,440,Ranked Flex 5v5,16.3.744.7656,16.3,1770434985180,1770435058018,1770436753636,1696,2026-02-07T05:29:45.180000,7/2/2026,28:16
LA1_1694058588,la1,LA1,440,Ranked Flex 5v5,16.3.745.7600,16.3,1771277765380,1771277799314,1771279807609,2008,2026-02-16T23:36:05.380000,16/2/2026,33:28
LA1_1694069651,la1,LA1,440,Ranked Flex 5v5,16.3.745.7600,16.3,1771280463484,1771280537762,1771282256754,1719,2026-02-17T00:21:03.484000,17/2/2026,28:39
LA1_1694802079,la1,LA1,440,Ranked Flex 5v5,16.3.745.7600,16.3,1771481624448,1771481643382,1771483258799,1615,2026-02-19T08:13:44.448000,19/2/2026,26:55
LA1_1694777878,la1,LA1,440,Ranked Flex 5v5,16.3.745.7600,16.3,1771477093580,1771477168376,1771478821217,1653,2026-02-19T06:58:13.580000,19/2/2026,27:33
LA1_1694497022,la1,LA1,440,Ranked Flex 5v5,16.3.745.7600,16.3,1771389400116,1771389479874,1771391394434,1914,2026-02-18T06:36:40.116000,18/2/2026,31:54
LA1_1694475372,la1,LA1,440,Ranked Flex 5v5,16.3.745.7600,16.3,1771386281570,1771386346103,1771388063991,1718,2026-02-18T05:44:41.570000,18/2/2026,28:38
LA1_1694464886,la1,LA1,440,Ranked Flex 5v5,16.3.745.7600,16.3,1771385259093,1771385286065,1771385555878,270,2026-02-18T05:27:39.093000,18/2/2026,04:30
LA1_1694328451,la1,LA1,440,Ranked Flex 5v5,16.3.745.7600,16.3,1771359812652,1771359849051,1771362201946,2353,2026-02-17T22:23:32.652000,17/2/2026,39:13
LA1_1694322670,la1,LA1,440,Ranked Flex 5v5,16.3.745.7600,16.3,1771358069576,1771358156249,1771359351619,1195,2026-02-17T21:54:29.576000,17/2/2026,19:55
LA1_1694100909,la1,LA1,440,Ranked Flex 5v5,16.3.745.7600,16.3,1771287371936,1771287392988,1771289662066,2269,2026-02-17T02:16:11.936000,17/2/2026,37:49
LA2_1572084570,la2,LA2,420,Ranked Solo/Duo,16.3.745.7600,16.3,1771378799818,1771378883518,1771380082769,1199,2026-02-18T03:39:59.818000,18/2/2026,19:59
LA2_1571894444,la2,LA2,420,Ranked Solo/Duo,16.3.745.7600,16.3,1771332283852,1771332314521,1771333748543,1434,2026-02-17T14:44:43.852000,17/2/2026,23:54
LA2_1571644286,la2,LA2,420,Ranked Solo/Duo,16.3.745.7600,16.3,1771267506756,1771267599054,1771268765596,1166,2026-02-16T20:45:06.756000,16/2/2026,19:26
LA2_1571488510,la2,LA2,420,Ranked Solo/Duo,16.3.745.7600,16.3,1771208268196,1771208305129,1771210247031,1942,2026-02-16T04:17:48.196000,16/2/2026,32:22
LA2_1571041958,la2,LA2,420,Ranked Solo/Duo,16.3.745.7600,16.3,1771089104172,1771089185337,1771091213522,2028,2026-02-14T19:11:44.172000,14/2/2026,33:48
LA2_1571032788,la2,LA2,420,Ranked Solo/Duo,16.3.745.7600,16.3,1771085612353,1771085641104,1771087477575,1836,2026-02-14T18:13:32.353000,14/2/2026,30:36
LA2_1570925096,la2,LA2,420,Ranked Solo/Duo,16.3.745.7600,16.3,1771037769087,1771037823094,1771039716126,1893,2026-02-14T04:56:09.087000,14/2/2026,31:33
LA2_1570863380,la2,LA2,420,Ranked Solo/Duo,16.3.745.7600,16.3,1771026958913,1771026989110,1771028831161,1842,2026-02-14T01:55:58.913000,14/2/2026,30:42
LA2_1570842558,la2,LA2,420,Ranked Solo/Duo,16.3.745.7600,16.3,1771022540023,1771022636362,1771024673287,2037,2026-02-14T00:42:20.023000,14/2/2026,33:57
LA2_1571585630,la2,LA2,420,Ranked Solo/Duo,16.3.745.7600,16.3,1771240417432,1771240484593,1771241844400,1360,2026-02-16T13:13:37.432000,16/2/2026,22:40
LA2_1571584489,la2,LA2,420,Ranked Solo/Duo,16.3.745.7600,16.3,1771236274330,1771236296510,1771238032930,1736,2026-02-16T12:04:34.330000,16/2/2026,28:56
LA2_1571580763,la2,LA2,420,Ranked Solo/Duo,16.3.745.7600,16.3,1771231521361,1771231617744,1771233430302,1812,2026-02-16T10:45:21.361000,16/2/2026,30:12
LA2_1571523177,la2,LA2,420,Ranked Solo/Duo,16.3.745.7600,16.3,1771213054266,1771213077302,1771214784885,1707,2026-02-16T05:37:34.266000,16/2/2026,28:27
LA2_1571470341,la2,LA2,420,Ranked Solo/Duo,16.3.745.7600,16.3,1771205568694,1771205642078,1771207650201,2008,2026-02-16T03:32:48.694000,16/2/2026,33:28
LA2_1571451765,la2,LA2,420,Ranked Solo/Duo,16.3.745.7600,16.3,1771202628834,1771202662339,1771204069629,1407,2026-02-16T02:43:48.834000,16/2/2026,23:27
LA2_1571077443,la2,LA2,420,Ranked Solo/Duo,16.3.745.7600,16.3,1771098209619,1771098246686,1771099789702,1543,2026-02-14T21:43:29.619000,14/2/2026,25:43
LA2_1571062221,la2,LA2,420,Ranked Solo/Duo,16.3.745.7600,16.3,1771094281181,1771094301578,1771096537594,2236,2026-02-14T20:38:01.181000,14/2/2026,37:16
LA2_1571048675,la2,LA2,420,Ranked Solo/Duo,16.3.745.7600,16.3,1771090880308,1771090918364,1771093035393,2117,2026-02-14T19:41:20.308000,14/2/2026,35:17
LA2_1570594865,la2,LA2,420,Ranked Solo/Duo,16.3.745.7600,16.3,1770942161192,1770942210211,1770944070487,1860,2026-02-13T02:22:41.192000,13/2/2026,31:00
LA2_1572404831,la2,LA2,420,Ranked Solo/Duo,16.3.745.7600,16.3,1771470769490,1771470860207,1771472824605,1964,2026-02-19T05:12:49.490000,19/2/2026,32:44
LA2_1572398070,la2,LA2,420,Ranked Solo/Duo,16.3.745.7600,16.3,1771469464786,1771469543614,1771470460139,916,2026-02-19T04:51:04.786000,19/2/2026,15:16
LA2_1572384716,la2,LA2,420,Ranked Solo/Duo,16.3.745.7600,16.3,1771467939837,1771467969887,1771469136425,1166,2026-02-19T04:25:39.837000,19/2/2026,19:26
LA2_1572366559,la2,LA2,420,Ranked Solo/Duo,16.3.745.7600,16.3,1771465372298,1771465396052,1771467085885,1690,2026-02-19T03:42:52.298000,19/2/2026,28:10
LA2_1572349453,la2,LA2,420,Ranked Solo/Duo,16.3.745.7600,16.3,1771462630323,1771462657648,1771464648905,1991,2026-02-19T02:57:10.323000,19/2/2026,33:11
LA2_1571578458,la2,LA2,440,Ranked Flex 5v5,16.3.745.7600,16.3,1771228526980,1771228554428,1771230324243,1770,2026-02-16T09:55:26.980000,16/2/2026,29:30
LA2_1572039108,la2,LA2,440,Ranked Flex 5v5,16.3.745.7600,16.3,1771371372041,1771371448179,1771373648047,2200,2026-02-18T01:36:12.041000,18/2/2026,36:40
LA2_1572026222,la2,LA2,440,Ranked Flex 5v5,16.3.745.7600,16.3,1771369108527,1771369196333,1771370770328,1574,2026-02-18T00:58:28.527000,18/2/2026,26:14
LA2_1571153135,la2,LA2,440,Ranked Flex 5v5,16.3.745.7600,16.3,1771115539477,1771115625380,1771117015057,1390,2026-02-15T02:32:19.477000,15/2/2026,23:10
LA2_1571882810,la2,LA2,440,Ranked Flex 5v5,16.3.745.7600,16.3,1771315821184,1771315868422,1771317129629,1261,2026-02-17T10:10:21.184000,17/2/2026,21:01
LA2_1571879867,la2,LA2,440,Ranked Flex 5v5,16.3.745.7600,16.3,1771313421067,1771313487698,1771315544167,2056,2026-02-17T09:30:21.067000,17/2/2026,34:16
LA2_1571877064,la2,LA2,440,Ranked Flex 5v5,16.3.745.7600,16.3,1771311167107,1771311246969,1771313150653,1904,2026-02-17T08:52:47.107000,17/2/2026,31:44
LA2_1571583499,la2,LA2,440,Ranked Flex 5v5,16.3.745.7600,16.3,1771233737615,1771233769445,1771235933457,2164,2026-02-16T11:22:17.615000,16/2/2026,36:04
LA2_1571580837,la2,LA2,440,Ranked Flex 5v5,16.3.745.7600,16.3,1771231886344,1771231913378,1771232909955,996,2026-02-16T10:51:26.344000,16/2/2026,16:36
LA2_1571887426,la2,LA2,440,Ranked Flex 5v5,16.3.745.7600,16.3,1771320040100,1771320077456,1771322029124,1952,2026-02-17T11:20:40.100000,17/2/2026,32:32
LA2_1571575107,la2,LA2,440,Ranked Flex 5v5,16.3.745.7600,16.3,1771225325180,1771225353789,1771227910972,2557,2026-02-16T09:02:05.180000,16/2/2026,42:37
LA2_1571565619,la2,LA2,440,Ranked Flex 5v5,16.3.745.7600,16.3,1771222436361,1771222556233,1771224686338,2130,2026-02-16T08:13:56.361000,16/2/2026,35:30
LA2_1571555559,la2,LA2,440,Ranked Flex 5v5,16.3.745.7600,16.3,1771219200551,1771219257554,1771222148053,2890,2026-02-16T07:20:00.551000,16/2/2026,48:10
LA2_1571543181,la2,LA2,440,Ranked Flex 5v5,16.3.745.7600,16.3,1771216420169,1771216495186,1771218369443,1874,2026-02-16T06:33:40.169000,16/2/2026,31:14
LA2_1570808443,la2,LA2,440,Ranked Flex 5v5,16.3.745.7600,16.3,1771014866462,1771014976845,1771016986636,2010,2026-02-13T22:34:26.462000,13/2/2026,33:30
LA2_1572011688,la2,LA2,440,Ranked Flex 5v5,16.3.745.7600,16.3,1771366749158,1771366855006,1771369031283,2176,2026-02-18T00:19:09.158000,18/2/2026,36:16
LA2_1571998388,la2,LA2,440,Ranked Flex 5v5,16.3.745.7600,16.3,1771363883662,1771363971439,1771366377721,2406,2026-02-17T23:31:23.662000,17/2/2026,40:06
LA2_1571890018,la2,LA2,440,Ranked Flex 5v5,16.3.745.7600,16.3,1771322513901,1771322547531,1771324687845,2140,2026-02-17T12:01:53.901000,17/2/2026,35:40
KR_8095621454,kr,KR,420,Ranked Solo/Duo,16.3.745.7600,16.3,1771439914515,1771439926437,1771441054354,1128,2026-02-18T20:38:34.515000,18/2/2026,18:48
KR_8095606496,kr,KR,420,Ranked Solo/Duo,16.3.745.7600,16.3,1771438742709,1771438754550,1771439666738,912,2026-02-18T20:19:02.709000,18/2/2026,15:12
KR_8095579501,kr,KR,420,Ranked Solo/Duo,16.3.745.7600,16.3,1771437083096,1771437095032,1771438211864,1117,2026-02-18T19:51:23.096000,18/2/2026,18:37
KR_8095540878,kr,KR,420,Ranked Solo/Duo,16.3.745.7600,16.3,1771435012341,1771435024228,1771436621629,1597,2026-02-18T19:16:52.341000,18/2/2026,26:37
KR_8095507060,kr,KR,420,Ranked Solo/Duo,16.3.745.7600,16.3,1771433037405,1771433055342,1771434772796,1717,2026-02-18T18:43:57.405000,18/2/2026,28:37
KR_8095388094,kr,KR,420,Ranked Solo/Duo,16.3.745.7600,16.3,1771428842657,1771428869645,1771430008269,1138,2026-02-18T17:34:02.657000,18/2/2026,18:58
KR_8095524020,kr,KR,420,Ranked Solo/Duo,16.3.745.7600,16.3,1771433675991,1771433685954,1771434858147,1172,2026-02-18T18:54:35.991000,18/2/2026,19:32
KR_8095423285,kr,KR,420,Ranked Solo/Duo,16.3.745.7600,16.3,1771429950217,1771429970721,1771431849191,1878,2026-02-18T17:52:30.217000,18/2/2026,31:18
KR_8095353528,kr,KR,420,Ranked Solo/Duo,16.3.745.7600,16.3,1771427977096,1771427989649,1771429696994,1707,2026-02-18T17:19:37.096000,18/2/2026,28:27
KR_8095313144,kr,KR,420,Ranked Solo/Duo,16.3.745.7600,16.3,1771426744416,1771426757275,1771427673486,916,2026-02-18T16:59:04.416000,18/2/2026,15:16
KR_8095431211,kr,KR,420,Ranked Solo/Duo,16.3.745.7600,16.3,1771430287821,1771430298982,1771432664585,2365,2026-02-18T17:58:07.821000,18/2/2026,39:25
KR_8093510183,kr,KR,420,Ranked Solo/Duo,16.3.745.7600,16.3,1771352921554,1771352933943,1771354366923,1433,2026-02-17T20:28:41.554000,17/2/2026,23:53
KR_8093460796,kr,KR,420,Ranked Solo/Duo,16.3.745.7600,16.3,1771350758428,1771350771222,1771352590585,1819,2026-02-17T19:52:38.428000,17/2/2026,30:19
KR_8093262018,kr,KR,420,Ranked Solo/Duo,16.3.745.7600,16.3,1771343475577,1771343488747,1771345367205,1878,2026-02-17T17:51:15.577000,17/2/2026,31:18
KR_8091460928,kr,KR,420,Ranked Solo/Duo,16.3.745.7600,16.3,1771263383915,1771263412225,1771265209648,1797,2026-02-16T19:36:23.915000,16/2/2026,29:57
KR_8080265026,kr,KR,420,Ranked Solo/Duo,16.3.744.7656,16.3,1770743029434,1770743041340,1770744888828,1847,2026-02-10T19:03:49.434000,10/2/2026,30:47
KR_8080185298,kr,KR,420,Ranked Solo/Duo,16.3.744.7656,16.3,1770739750980,1770739761955,1770742083432,2321,2026-02-10T18:09:10.980000,10/2/2026,38:41
KR_8080068865,kr,KR,420,Ranked Solo/Duo,16.3.744.7656,16.3,1770736204729,1770736221310,1770737639917,1418,2026-02-10T17:10:04.729000,10/2/2026,23:38
KR_8079994191,kr,KR,420,Ranked Solo/Duo,16.3.744.7656,16.3,1770734024276,1770734037712,1770735940562,1903,2026-02-10T16:33:44.276000,10/2/2026,31:43
KR_8079888064,kr,KR,420,Ranked Solo/Duo,16.3.744.7656,16.3,1770731467815,1770731480956,1770733304807,1824,2026-02-10T15:51:07.815000,10/2/2026,30:24
KR_8069820014,kr,KR,420,Ranked Solo/Duo,16.3.742.6169,16.3,1770293799331,1770293811108,1770295172060,1361,2026-02-05T14:16:39.331000,5/2/2026,22:41
KR_8069717695,kr,KR,420,Ranked Solo/Duo,16.3.742.6169,16.3,1770291433005,1770291446896,1770293089755,1643,2026-02-05T13:37:13.005000,5/2/2026,27:23
KR_8069654795,kr,KR,420,Ranked Solo/Duo,16.3.742.6169,16.3,1770289793029,1770289803562,1770291016097,1212,2026-02-05T13:09:53.029000,5/2/2026,20:12
KR_8069600698,kr,KR,420,Ranked Solo/Duo,16.3.742.6169,16.3,1770288076869,1770288090197,1770289494386,1404,2026-02-05T12:41:16.869000,5/2/2026,23:24
KR_8086522071,kr,KR,420,Ranked Solo/Duo,16.3.745.7600,16.3,1771067386999,1771067409478,1771069260034,1851,2026-02-14T13:09:46.999000,14/2/2026,30:51
KR_8086471863,kr,KR,420,Ranked Solo/Duo,16.3.745.7600,16.3,1771066145982,1771066174150,1771067086613,912,2026-02-14T12:49:05.982000,14/2/2026,15:12
KR_8086393329,kr,KR,420,Ranked Solo/Duo,16.3.745.7600,16.3,1771063063491,1771063078650,1771065437429,2359,2026-02-14T11:57:43.491000,14/2/2026,39:19
KR_8085561271,kr,KR,420,Ranked Solo/Duo,16.3.745.7600,16.3,1771020412549,1771020430272,1771021919669,1489,2026-02-14T00:06:52.549000,14/2/2026,24:49
KR_8085552058,kr,KR,420,Ranked Solo/Duo,16.3.745.7600,16.3,1771017235987,1771017342376,1771019188640,1846,2026-02-13T23:13:55.987000,13/2/2026,30:46
KR_8085447281,kr,KR,420,Ranked Solo/Duo,16.3.745.7600,16.3,1771006724406,1771006734724,1771008041096,1306,2026-02-13T20:18:44.406000,13/2/2026,21:46
KR_8085395666,kr,KR,420,Ranked Solo/Duo,16.3.745.7600,16.3,1771004386378,1771004401484,1771005958238,1557,2026-02-13T19:39:46.378000,13/2/2026,25:57
KR_8085371277,kr,KR,420,Ranked Solo/Duo,16.3.745.7600,16.3,1771003107209,1771003124233,1771004036966,913,2026-02-13T19:18:27.209000,13/2/2026,15:13
KR_8085316167,kr,KR,420,Ranked Solo/Duo,16.3.745.7600,16.3,1771001052893,1771001066755,1771002632512,1566,2026-02-13T18:44:12.893000,13/2/2026,26:06
KR_8085226382,kr,KR,420,Ranked Solo/Duo,16.3.745.7600,16.3,1770998479705,1770998499998,1771000637293,2137,2026-02-13T18:01:19.705000,13/2/2026,35:37
KR_8095278214,kr,KR,420,Ranked Solo/Duo,16.3.745.7600,16.3,1771425875368,1771425906972,1771427514649,1608,2026-02-18T16:44:35.368000,18/2/2026,26:48
KR_8095175918,kr,KR,420,Ranked Solo/Duo,16.3.745.7600,16.3,1771423741420,1771423770263,1771425299954,1530,2026-02-18T16:09:01.420000,18/2/2026,25:30
KR_8095076127,kr,KR,420,Ranked Solo/Duo,16.3.745.7600,16.3,1771421335651,1771421347690,1771422998583,1651,2026-02-18T15:28:55.651000,18/2/2026,27:31
KR_8094760073,kr,KR,420,Ranked Solo/Duo,16.3.745.7600,16.3,1771414464901,1771414484972,1771416015721,1531,2026-02-18T13:34:24.901000,18/2/2026,25:31
KR_8094667431,kr,KR,420,Ranked Solo/Duo,16.3.745.7600,16.3,1771412346118,1771412362908,1771413899551,1537,2026-02-18T12:59:06.118000,18/2/2026,25:37
KR_8094514096,kr,KR,420,Ranked Solo/Duo,16.3.745.7600,16.3,1771407926832,1771407945747,1771409604009,1658,2026-02-18T11:45:26.832000,18/2/2026,27:38
KR_8094452205,kr,KR,420,Ranked Solo/Duo,16.3.745.7600,16.3,1771406192272,1771406203814,1771407621132,1417,2026-02-18T11:16:32.272000,18/2/2026,23:37
KR_8094405286,kr,KR,420,Ranked Solo/Duo,16.3.745.7600,16.3,1771404918143,1771404941209,1771405878240,937,2026-02-18T10:55:18.143000,18/2/2026,15:37
KR_8088259200,kr,KR,420,Ranked Solo/Duo,16.3.745.7600,16.3,1771143701122,1771143716790,1771144640358,923,2026-02-15T10:21:41.122000,15/2/2026,15:23
KR_8095596767,kr,KR,420,Ranked Solo/Duo,16.3.745.7600,16.3,1771438442047,1771438455983,1771439828120,1372,2026-02-18T20:14:02.047000,18/2/2026,22:52
KR_8095533853,kr,KR,420,Ranked Solo/Duo,16.3.745.7600,16.3,1771434559835,1771434576284,1771436825993,2250,2026-02-18T19:09:19.835000,18/2/2026,37:30
KR_8094861963,kr,KR,420,Ranked Solo/Duo,16.3.745.7600,16.3,1771417126104,1771417148140,1771419111292,1963,2026-02-18T14:18:46.104000,18/2/2026,32:43
KR_8073234119,kr,KR,420,Ranked Solo/Duo,16.3.744.7656,16.3,1770449998350,1770450014405,1770451896599,1882,2026-02-07T09:39:58.350000,7/2/2026,31:22
KR_8073192661,kr,KR,420,Ranked Solo/Duo,16.3.744.7656,16.3,1770449054123,1770449071603,1770449676936,605,2026-02-07T09:24:14.123000,7/2/2026,10:05
KR_8090029647,kr,KR,420,Ranked Solo/Duo,16.3.745.7600,16.3,1771221466712,1771221485707,1771222719239,1233,2026-02-16T07:57:46.712000,16/2/2026,20:33
JP1_565824807,jp1,JP1,420,Ranked Solo/Duo,16.3.745.7600,16.3,1771335966143,1771335987032,1771337947338,1960,2026-02-17T15:46:06.143000,17/2/2026,32:40
JP1_565770051,jp1,JP1,420,Ranked Solo/Duo,16.3.745.7600,16.3,1771321099499,1771321114137,1771322496267,1382,2026-02-17T11:38:19.499000,17/2/2026,23:02
JP1_565762784,jp1,JP1,420,Ranked Solo/Duo,16.3.745.7600,16.3,1771318793796,1771318809420,1771320658262,1849,2026-02-17T10:59:53.796000,17/2/2026,30:49
JP1_565755795,jp1,JP1,420,Ranked Solo/Duo,16.3.745.7600,16.3,1771315893130,1771315912393,1771317539996,1627,2026-02-17T10:11:33.130000,17/2/2026,27:07
JP1_565752552,jp1,JP1,420,Ranked Solo/Duo,16.3.745.7600,16.3,1771314297084,1771314310353,1771315239968,929,2026-02-17T09:44:57.084000,17/2/2026,15:29
JP1_565748572,jp1,JP1,420,Ranked Solo/Duo,16.3.745.7600,16.3,1771312097882,1771312113643,1771313872459,1759,2026-02-17T09:08:17.882000,17/2/2026,29:19
JP1_565739970,jp1,JP1,420,Ranked Solo/Duo,16.3.745.7600,16.3,1771308227305,1771308249619,1771310036993,1787,2026-02-17T08:03:47.305000,17/2/2026,29:47
JP1_565681350,jp1,JP1,420,Ranked Solo/Duo,16.3.745.7600,16.3,1771259981111,1771260000832,1771261214786,1214,2026-02-16T18:39:41.111000,16/2/2026,20:14
JP1_565669608,jp1,JP1,420,Ranked Solo/Duo,16.3.745.7600,16.3,1771256502114,1771256522836,1771257821582,1299,2026-02-16T17:41:42.114000,16/2/2026,21:39
JP1_565658672,jp1,JP1,420,Ranked Solo/Duo,16.3.745.7600,16.3,1771253695618,1771253719246,1771255462926,1744,2026-02-16T16:54:55.618000,16/2/2026,29:04
JP1_565965170,jp1,JP1,420,Ranked Solo/Duo,16.3.745.7600,16.3,1771410601146,1771410680938,1771411626033,945,2026-02-18T12:30:01.146000,18/2/2026,15:45
JP1_565957975,jp1,JP1,420,Ranked Solo/Duo,16.3.745.7600,16.3,1771408412618,1771408430719,1771410358692,1928,2026-02-18T11:53:32.618000,18/2/2026,32:08
JP1_565953345,jp1,JP1,420,Ranked Solo/Duo,16.3.745.7600,16.3,1771405935741,1771405951528,1771407503370,1552,2026-02-18T11:12:15.741000,18/2/2026,25:52
JP1_565943946,jp1,JP1,420,Ranked Solo/Duo,16.3.745.7600,16.3,1771402237370,1771402261174,1771404214917,1954,2026-02-18T10:10:37.370000,18/2/2026,32:34
JP1_565936666,jp1,JP1,420,Ranked Solo/Duo,16.3.745.7600,16.3,1771399204603,1771399224795,1771401045950,1821,2026-02-18T09:20:04.603000,18/2/2026,30:21
JP1_565930563,jp1,JP1,420,Ranked Solo/Duo,16.3.745.7600,16.3,1771396392470,1771396472406,1771398170757,1698,2026-02-18T08:33:12.470000,18/2/2026,28:18
JP1_565927069,jp1,JP1,420,Ranked Solo/Duo,16.3.745.7600,16.3,1771394118047,1771394130056,1771395826988,1697,2026-02-18T07:55:18.047000,18/2/2026,28:17
JP1_565626825,jp1,JP1,420,Ranked Solo/Duo,16.3.745.7600,16.3,1771247358263,1771247380692,1771249213106,1832,2026-02-16T15:09:18.263000,16/2/2026,30:32
JP1_565616075,jp1,JP1,420,Ranked Solo/Duo,16.3.745.7600,16.3,1771244992086,1771245014759,1771246402370,1388,2026-02-16T14:29:52.086000,16/2/2026,23:08
JP1_564082069,jp1,JP1,420,Ranked Solo/Duo,16.3.744.7656,16.3,1770638077652,1770638098554,1770639892069,1793,2026-02-09T13:54:37.652000,9/2/2026,29:53
JP1_565946512,jp1,JP1,420,Ranked Solo/Duo,16.3.745.7600,16.3,1771402948028,1771402959769,1771404677156,1717,2026-02-18T10:22:28.028000,18/2/2026,28:37
JP1_565908519,jp1,JP1,420,Ranked Solo/Duo,16.3.745.7600,16.3,1771382636297,1771382660884,1771384205256,1544,2026-02-18T04:43:56.297000,18/2/2026,25:44
JP1_565907462,jp1,JP1,420,Ranked Solo/Duo,16.3.745.7600,16.3,1771381229693,1771381252943,1771381346018,93,2026-02-18T04:20:29.693000,18/2/2026,01:33
JP1_565167784,jp1,JP1,420,Ranked Solo/Duo,16.3.745.7600,16.3,1771070319590,1771070335386,1771072220661,1885,2026-02-14T13:58:39.590000,14/2/2026,31:25
JP1_565157910,jp1,JP1,420,Ranked Solo/Duo,16.3.745.7600,16.3,1771067788293,1771067802089,1771069533285,1731,2026-02-14T13:16:28.293000,14/2/2026,28:51
JP1_565932592,jp1,JP1,420,Ranked Solo/Duo,16.3.745.7600,16.3,1771397268505,1771397288582,1771399016252,1728,2026-02-18T08:47:48.505000,18/2/2026,28:48
JP1_565921747,jp1,JP1,420,Ranked Solo/Duo,16.3.745.7600,16.3,1771391912213,1771391927219,1771393871383,1944,2026-02-18T07:18:32.213000,18/2/2026,32:24
JP1_565570916,jp1,JP1,420,Ranked Solo/Duo,16.3.745.7600,16.3,1771230722887,1771230748744,1771232630163,1881,2026-02-16T10:32:02.887000,16/2/2026,31:21
JP1_565564377,jp1,JP1,420,Ranked Solo/Duo,16.3.745.7600,16.3,1771227385449,1771227405575,1771229031910,1626,2026-02-16T09:36:25.449000,16/2/2026,27:06
JP1_565563111,jp1,JP1,420,Ranked Solo/Duo,16.3.745.7600,16.3,1771226171255,1771226188983,1771227116508,927,2026-02-16T09:16:11.255000,16/2/2026,15:27
JP1_565557846,jp1,JP1,420,Ranked Solo/Duo,16.3.745.7600,16.3,1771224361923,1771224375909,1771225932875,1557,2026-02-16T08:46:01.923000,16/2/2026,25:57
JP1_565965193,jp1,JP1,420,Ranked Solo/Duo,16.3.745.7600,16.3,1771410579876,1771410672982,1771412495265,1822,2026-02-18T12:29:39.876000,18/2/2026,30:22
JP1_565861909,jp1,JP1,420,Ranked Solo/Duo,16.3.745.7600,16.3,1771344563361,1771344576139,1771346096989,1521,2026-02-17T18:09:23.361000,17/2/2026,25:21
JP1_565720445,jp1,JP1,420,Ranked Solo/Duo,16.3.745.7600,16.3,1771295781225,1771295802303,1771297781291,1979,2026-02-17T04:36:21.225000,17/2/2026,32:59
JP1_565703898,jp1,JP1,420,Ranked Solo/Duo,16.3.745.7600,16.3,1771275704188,1771275719037,1771277050579,1332,2026-02-16T23:01:44.188000,16/2/2026,22:12
JP1_565697311,jp1,JP1,420,Ranked Solo/Duo,16.3.745.7600,16.3,1771267819981,1771267838748,1771269459459,1621,2026-02-16T20:50:19.981000,16/2/2026,27:01
JP1_565686739,jp1,JP1,420,Ranked Solo/Duo,16.3.745.7600,16.3,1771262380494,1771262405287,1771264199233,1794,2026-02-16T19:19:40.494000,16/2/2026,29:54
JP1_565310967,jp1,JP1,420,Ranked Solo/Duo,16.3.745.7600,16.3,1771124010835,1771124025466,1771126136258,2111,2026-02-15T04:53:30.835000,15/2/2026,35:11
JP1_565991937,jp1,JP1,420,Ranked Solo/Duo,16.3.745.7600,16.3,1771418086481,1771418128042,1771419057023,929,2026-02-18T14:34:46.481000,18/2/2026,15:29
JP1_566038052,jp1,JP1,420,Ranked Solo/Duo,16.3.745.7600,16.3,1771427291352,1771427306795,1771429244701,1938,2026-02-18T17:08:11.352000,18/2/2026,32:18
JP1_566028021,jp1,JP1,420,Ranked Solo/Duo,16.3.745.7600,16.3,1771425033788,1771425127163,1771426665113,1538,2026-02-18T16:30:33.788000,18/2/2026,25:38
JP1_565503549,jp1,JP1,420,Ranked Solo/Duo,16.3.745.7600,16.3,1771177709075,1771177731316,1771179455079,1724,2026-02-15T19:48:29.075000,15/2/2026,28:44
JP1_565495984,jp1,JP1,420,Ranked Solo/Duo,16.3.745.7600,16.3,1771174814629,1771174837557,1771176653381,1816,2026-02-15T19:00:14.629000,15/2/2026,30:16
JP1_565486606,jp1,JP1,420,Ranked Solo/Duo,16.3.745.7600,16.3,1771171416020,1771171431177,1771173297565,1867,2026-02-15T18:03:36.020000,15/2/2026,31:07
JP1_566032316,jp1,JP1,420,Ranked Solo/Duo,16.3.745.7600,16.3,1771426021530,1771426042803,1771428046268,2003,2026-02-18T16:47:01.530000,18/2/2026,33:23
JP1_566019800,jp1,JP1,420,Ranked Solo/Duo,16.3.745.7600,16.3,1771423645241,1771423665691,1771425870846,2205,2026-02-18T16:07:25.241000,18/2/2026,36:45
JP1_566007917,jp1,JP1,420,Ranked Solo/Duo,16.3.745.7600,16.3,1771421418220,1771421442452,1771423219839,1777,2026-02-18T15:30:18.220000,18/2/2026,29:37
JP1_565609340,jp1,JP1,420,Ranked Solo/Duo,16.3.745.7600,16.3,1771243640410,1771243662111,1771244576207,914,2026-02-16T14:07:20.410000,16/2/2026,15:14
JP1_565600357,jp1,JP1,420,Ranked Solo/Duo,16.3.745.7600,16.3,1771241298652,1771241389037,1771243253196,1864,2026-02-16T13:28:18.652000,16/2/2026,31:04
JP1_565687946,jp1,JP1,420,Ranked Solo/Duo,16.3.745.7600,16.3,1771263360436,1771263379420,1771265084265,1705,2026-02-16T19:36:00.436000,16/2/2026,28:25
OC1_693565694,oc1,OC1,420,Ranked Solo/Duo,16.3.745.7600,16.3,1771414294410,1771414319595,1771415501396,1182,2026-02-18T13:31:34.410000,18/2/2026,19:42
OC1_693031392,oc1,OC1,420,Ranked Solo/Duo,16.3.745.7600,16.3,1770897849831,1770897906519,1770899692515,1786,2026-02-12T14:04:09.831000,12/2/2026,29:46
OC1_693026121,oc1,OC1,420,Ranked Solo/Duo,16.3.745.7600,16.3,1770895139295,1770895157476,1770896993795,1836,2026-02-12T13:18:59.295000,12/2/2026,30:36
OC1_692926433,oc1,OC1,420,Ranked Solo/Duo,16.3.745.7600,16.3,1770803288771,1770803306749,1770805309835,2003,2026-02-11T11:48:08.771000,11/2/2026,33:23
OC1_692635975,oc1,OC1,420,Ranked Solo/Duo,16.3.744.7656,16.3,1770539219984,1770539249212,1770540858277,1609,2026-02-08T10:26:59.984000,8/2/2026,26:49
OC1_692629872,oc1,OC1,420,Ranked Solo/Duo,16.3.744.7656,16.3,1770536631250,1770536646154,1770538891001,2245,2026-02-08T09:43:51.250000,8/2/2026,37:25
OC1_692509878,oc1,OC1,420,Ranked Solo/Duo,16.3.744.7656,16.3,1770447480730,1770447545525,1770449141086,1596,2026-02-07T08:58:00.730000,7/2/2026,26:36
OC1_692442707,oc1,OC1,420,Ranked Solo/Duo,16.3.744.1639,16.3,1770381396845,1770381429794,1770382966021,1536,2026-02-06T14:36:36.845000,6/2/2026,25:36
OC1_692434903,oc1,OC1,420,Ranked Solo/Duo,16.3.744.1639,16.3,1770378434736,1770378456123,1770380072355,1616,2026-02-06T13:47:14.736000,6/2/2026,26:56
OC1_693400632,oc1,OC1,420,Ranked Solo/Duo,16.3.745.7600,16.3,1771240791862,1771240817378,1771242278709,1461,2026-02-16T13:19:51.862000,16/2/2026,24:21
OC1_693393798,oc1,OC1,420,Ranked Solo/Duo,16.3.745.7600,16.3,1771238218080,1771238247395,1771239851986,1604,2026-02-16T12:36:58.080000,16/2/2026,26:44
OC1_693249013,oc1,OC1,420,Ranked Solo/Duo,16.3.745.7600,16.3,1771115948562,1771115965174,1771118054508,2089,2026-02-15T02:39:08.562000,15/2/2026,34:49
OC1_693245242,oc1,OC1,420,Ranked Solo/Duo,16.3.745.7600,16.3,1771112669220,1771112692667,1771113828139,1135,2026-02-15T01:44:29.220000,15/2/2026,18:55
OC1_693244621,oc1,OC1,420,Ranked Solo/Duo,16.3.745.7600,16.3,1771110828967,1771110848296,1771111760831,912,2026-02-15T01:13:48.967000,15/2/2026,15:12
OC1_693058477,oc1,OC1,420,Ranked Solo/Duo,16.3.745.7600,16.3,1770944847952,1770944869552,1770946417748,1548,2026-02-13T03:07:27.952000,13/2/2026,25:48
OC1_693055832,oc1,OC1,420,Ranked Solo/Duo,16.3.745.7600,16.3,1770941310334,1770941327291,1770942738648,1411,2026-02-13T02:08:30.334000,13/2/2026,23:31
OC1_693528065,oc1,OC1,420,Ranked Solo/Duo,16.3.745.7600,16.3,1771390041679,1771390070665,1771391172228,1101,2026-02-18T06:47:21.679000,18/2/2026,18:21
OC1_693351924,oc1,OC1,420,Ranked Solo/Duo,16.3.745.7600,16.3,1771208455076,1771208477569,1771210152750,1675,2026-02-16T04:20:55.076000,16/2/2026,27:55
OC1_693106721,oc1,OC1,420,Ranked Solo/Duo,16.3.745.7600,16.3,1770979790632,1770979805958,1770981729866,1924,2026-02-13T12:49:50.632000,13/2/2026,32:04
OC1_692989439,oc1,OC1,420,Ranked Solo/Duo,16.3.745.7600,16.3,1770876319862,1770876345935,1770877809861,1464,2026-02-12T08:05:19.862000,12/2/2026,24:24
OC1_692316632,oc1,OC1,420,Ranked Solo/Duo,16.3.742.6169,16.3,1770284132277,1770284149772,1770285891430,1741,2026-02-05T11:35:32.277000,5/2/2026,29:01
OC1_692309957,oc1,OC1,420,Ranked Solo/Duo,16.3.742.6169,16.3,1770281883822,1770281905945,1770283531832,1626,2026-02-05T10:58:03.822000,5/2/2026,27:06
OC1_692305705,oc1,OC1,420,Ranked Solo/Duo,16.3.742.6169,16.3,1770279510778,1770279529992,1770281486925,1957,2026-02-05T10:18:30.778000,5/2/2026,32:37
OC1_692303104,oc1,OC1,420,Ranked Solo/Duo,16.3.742.6169,16.3,1770277069459,1770277146079,1770278770025,1624,2026-02-05T09:37:49.459000,5/2/2026,27:04
OC1_692300525,oc1,OC1,420,Ranked Solo/Duo,16.3.742.6169,16.3,1770275788966,1770275811537,1770276833341,1022,2026-02-05T09:16:28.966000,5/2/2026,17:02
OC1_693409604,oc1,OC1,420,Ranked Solo/Duo,16.3.745.7600,16.3,1771246432158,1771246451595,1771248245659,1794,2026-02-16T14:53:52.158000,16/2/2026,29:54
OC1_693408485,oc1,OC1,420,Ranked Solo/Duo,16.3.745.7600,16.3,1771244719684,1771244737450,1771246182193,1445,2026-02-16T14:25:19.684000,16/2/2026,24:05
OC1_693404592,oc1,OC1,420,Ranked Solo/Duo,16.3.745.7600,16.3,1771242777507,1771242799650,1771244358295,1559,2026-02-16T13:52:57.507000,16/2/2026,25:59
OC1_693396430,oc1,OC1,420,Ranked Solo/Duo,16.3.745.7600,16.3,1771238356391,1771238376440,1771240546081,2170,2026-02-16T12:39:16.391000,16/2/2026,36:10
OC1_693391411,oc1,OC1,420,Ranked Solo/Duo,16.3.745.7600,16.3,1771236186128,1771236263224,1771238034400,1771,2026-02-16T12:03:06.128000,16/2/2026,29:31
OC1_693318019,oc1,OC1,420,Ranked Solo/Duo,16.3.745.7600,16.3,1771153758118,1771153810090,1771155120441,1310,2026-02-15T13:09:18.118000,15/2/2026,21:50
OC1_693313435,oc1,OC1,420,Ranked Solo/Duo,16.3.745.7600,16.3,1771152538129,1771152559180,1771153470607,911,2026-02-15T12:48:58.129000,15/2/2026,15:11
OC1_693310180,oc1,OC1,420,Ranked Solo/Duo,16.3.745.7600,16.3,1771150550711,1771150577662,1771151930288,1352,2026-02-15T12:15:50.711000,15/2/2026,22:32
OC1_693304284,oc1,OC1,420,Ranked Solo/Duo,16.3.745.7600,16.3,1771147984528,1771148001666,1771149922638,1921,2026-02-15T11:33:04.528000,15/2/2026,32:01
OC1_693299399,oc1,OC1,420,Ranked Solo/Duo,16.3.745.7600,16.3,1771146353990,1771146374359,1771147748473,1374,2026-02-15T11:05:53.990000,15/2/2026,22:54
OC1_693527765,oc1,OC1,420,Ranked Solo/Duo,16.3.745.7600,16.3,1771391421910,1771391452128,1771392969976,1518,2026-02-18T07:10:21.910000,18/2/2026,25:18
OC1_693522130,oc1,OC1,420,Ranked Solo/Duo,16.3.745.7600,16.3,1771384881937,1771384903166,1771386613039,1710,2026-02-18T05:21:21.937000,18/2/2026,28:30
OC1_693443813,oc1,OC1,420,Ranked Solo/Duo,16.3.745.7600,16.3,1771304797169,1771304819213,1771306672337,1853,2026-02-17T07:06:37.169000,17/2/2026,30:53
OC1_693412825,oc1,OC1,420,Ranked Solo/Duo,16.3.745.7600,16.3,1771248468413,1771248495848,1771250730613,2235,2026-02-16T15:27:48.413000,16/2/2026,37:15
OC1_693537775,oc1,OC1,420,Ranked Solo/Duo,16.3.745.7600,16.3,1771399844985,1771399890189,1771401129699,1239,2026-02-18T09:30:44.985000,18/2/2026,20:39
OC1_693535489,oc1,OC1,420,Ranked Solo/Duo,16.3.745.7600,16.3,1771396590313,1771396609536,1771398107341,1498,2026-02-18T08:36:30.313000,18/2/2026,24:58
OC1_693530674,oc1,OC1,420,Ranked Solo/Duo,16.3.745.7600,16.3,1771394098308,1771394114104,1771396198560,2084,2026-02-18T07:54:58.308000,18/2/2026,34:44
OC1_693573555,oc1,OC1,420,Ranked Solo/Duo,16.3.745.7600,16.3,1771418317187,1771418343728,1771420436702,2093,2026-02-18T14:38:37.187000,18/2/2026,34:53
OC1_693571539,oc1,OC1,420,Ranked Solo/Duo,16.3.745.7600,16.3,1771416371499,1771416392284,1771417858434,1466,2026-02-18T14:06:11.499000,18/2/2026,24:26
OC1_693453958,oc1,OC1,420,Ranked Solo/Duo,16.3.745.7600,16.3,1771312729668,1771312744320,1771315140551,2398,2026-02-17T09:18:49.668000,17/2/2026,39:58
OC1_693442471,oc1,OC1,420,Ranked Solo/Duo,16.3.745.7600,16.3,1771302893297,1771302906309,1771304834654,1928,2026-02-17T06:34:53.297000,17/2/2026,32:08
OC1_693430422,oc1,OC1,420,Ranked Solo/Duo,16.3.745.7600,16.3,1771288858498,1771288940314,1771290634614,1694,2026-02-17T02:40:58.498000,17/2/2026,28:14
OC1_693511984,oc1,OC1,420,Ranked Solo/Duo,16.3.745.7600,16.3,1771374072826,1771374087003,1771375660945,1574,2026-02-18T02:21:12.826000,18/2/2026,26:14
OC1_693581888,oc1,OC1,420,Ranked Solo/Duo,16.3.745.7600,16.3,1771426574966,1771426593461,1771428321826,1728,2026-02-18T16:56:14.966000,18/2/2026,28:48
OC1_693491274,oc1,OC1,420,Ranked Solo/Duo,16.3.745.7600,16.3,1771330380259,1771330406863,1771332153303,1746,2026-02-17T14:13:00.259000,17/2/2026,29:06
