match_id,participant_id,slot,item_id
EUW1_7739514064,1,0,3152
EUW1_7739514064,1,1,3157
EUW1_7739514064,1,2,2055
EUW1_7739514064,1,3,3089
EUW1_7739514064,1,4,3158
EUW1_7739514064,1,5,3041
EUW1_7739514064,2,0,3071
EUW1_7739514064,2,1,3156
EUW1_7739514064,2,2,3026
EUW1_7739514064,2,3,3047
EUW1_7739514064,2,4,2055
EUW1_7739514064,2,5,3078
EUW1_7739514064,3,0,1052
EUW1_7739514064,3,1,3157
EUW1_7739514064,3,2,6653
EUW1_7739514064,3,3,3116
EUW1_7739514064,3,4,2503
EUW1_7739514064,3,5,3175
EUW1_7739514064,4,0,3036
EUW1_7739514064,4,1,3094
EUW1_7739514064,4,2,6676
EUW1_7739514064,4,3,3031
EUW1_7739514064,4,4,1055
EUW1_7739514064,4,5,1036
EUW1_7739514064,5,0,3222
EUW1_7739514064,5,1,3870
EUW1_7739514064,5,2,3114
EUW1_7739514064,5,3,1082
EUW1_7739514064,5,4,3158
EUW1_7739514064,5,5,6617
EUW1_7739514064,6,0,3035
EUW1_7739514064,6,1,6631
EUW1_7739514064,6,2,3140
EUW1_7739514064,6,3,3006
EUW1_7739514064,6,4,3031
EUW1_7739514064,6,5,6675
EUW1_7739514064,7,0,4645
EUW1_7739514064,7,1,6653
EUW1_7739514064,7,2,2055
EUW1_7739514064,7,3,3089
EUW1_7739514064,7,4,3020
EUW1_7739514064,7,5,3108
EUW1_7739514064,8,0,3142
EUW1_7739514064,8,1,3814
EUW1_7739514064,8,2,3133
EUW1_7739514064,8,3,3035
EUW1_7739514064,8,4,3042
EUW1_7739514064,8,5,3171
EUW1_7739514064,9,0,3142
EUW1_7739514064,9,1,3035
EUW1_7739514064,9,3,3042
EUW1_7739514064,9,4,3814
EUW1_7739514064,9,5,1055
EUW1_7739514064,10,0,3152
EUW1_7739514064,10,1,3158
EUW1_7739514064,10,2,3157
EUW1_7739514064,10,3,3869
EUW1_7739460104,1,0,1054
EUW1_7739460104,1,1,3078
EUW1_7739460104,1,2,3047
EUW1_7739460104,1,3,3071
EUW1_7739460104,1,4,3076
EUW1_7739460104,1,5,2021
EUW1_7739460104,2,0,2055
EUW1_7739460104,2,1,6698
EUW1_7739460104,2,2,3158
EUW1_7739460104,2,3,6694
EUW1_7739460104,2,4,3814
EUW1_7739460104,2,5,6696
EUW1_7739460104,3,0,2522
EUW1_7739460104,3,1,3171
EUW1_7739460104,3,2,3040
EUW1_7739460104,3,3,1058
EUW1_7739460104,3,4,1058
EUW1_7739460104,3,5,6657
EUW1_7739460104,4,0,3042
EUW1_7739460104,4,1,3142
EUW1_7739460104,4,2,6694
EUW1_7739460104,4,3,3134
EUW1_7739460104,4,4,2021
EUW1_7739460104,4,5,1055
EUW1_7739460104,5,0,3190
EUW1_7739460104,5,1,3869
EUW1_7739460104,5,2,3158
EUW1_7739460104,5,3,3050
EUW1_7739460104,5,4,3067
EUW1_7739460104,6,0,1055
EUW1_7739460104,6,1,3153
EUW1_7739460104,6,2,3181
EUW1_7739460104,6,3,3047
EUW1_7739460104,6,4,1057
EUW1_7739460104,6,5,1043
EUW1_7739460104,7,0,6610
EUW1_7739460104,7,1,3078
EUW1_7739460104,7,2,3111
EUW1_7739460104,7,3,2021
EUW1_7739460104,7,4,1037
EUW1_7739460104,7,5,1028
EUW1_7739460104,8,0,2420
EUW1_7739460104,8,1,3040
EUW1_7739460104,8,2,3116
EUW1_7739460104,8,3,3171
EUW1_7739460104,8,4,1058
EUW1_7739460104,9,0,3152
EUW1_7739460104,9,1,1058
EUW1_7739460104,9,2,4633
EUW1_7739460104,9,3,1082
EUW1_7739460104,9,4,1056
EUW1_7739460104,9,5,1058
EUW1_7739460104,10,0,6701
EUW1_7739460104,10,1,3009
EUW1_7739460104,10,2,3814
EUW1_7739460104,10,3,3877
EUW1_7739460104,10,4,1036
EUW1_7739460104,10,5,2022
EUW1_7739411006,1,0,3009
EUW1_7739411006,1,1,3748
EUW1_7739411006,1,2,2504
EUW1_7739411006,1,3,3065
EUW1_7739411006,1,4,1028
EUW1_7739411006,1,5,1054
EUW1_7739411006,2,0,3111
EUW1_7739411006,2,1,3155
EUW1_7739411006,2,3,6610
EUW1_7739411006,2,4,3078
EUW1_7739411006,3,0,3040
EUW1_7739411006,3,1,3116
EUW1_7739411006,3,2,1056
EUW1_7739411006,3,3,6657
EUW1_7739411006,3,5,3175
EUW1_7739411006,4,0,1055
EUW1_7739411006,4,1,3087
EUW1_7739411006,4,2,1018
EUW1_7739411006,4,3,1036
EUW1_7739411006,4,4,2512
EUW1_7739411006,4,5,1036
EUW1_7739411006,5,0,3158
EUW1_7739411006,5,1,3504
EUW1_7739411006,5,2,3107
EUW1_7739411006,5,3,3870
EUW1_7739411006,6,0,8020
EUW1_7739411006,6,2,3111
EUW1_7739411006,6,3,3041
EUW1_7739411006,6,4,6653
EUW1_7739411006,6,5,8010
EUW1_7739411006,7,0,3109
EUW1_7739411006,7,1,3152
EUW1_7739411006,7,2,3111
EUW1_7739411006,7,3,1082
EUW1_7739411006,7,4,2525
EUW1_7739411006,7,5,3916
EUW1_7739411006,8,0,1055
EUW1_7739411006,8,1,6698
EUW1_7739411006,8,2,2520
EUW1_7739411006,8,3,1001
EUW1_7739411006,8,4,6699
EUW1_7739411006,8,5,1036
EUW1_7739411006,9,0,4645
EUW1_7739411006,9,1,1058
EUW1_7739411006,9,2,2510
EUW1_7739411006,9,3,1082
EUW1_7739411006,9,4,3135
EUW1_7739411006,9,5,1058
EUW1_7739411006,10,0,3009
EUW1_7739411006,10,1,6701
EUW1_7739411006,10,2,3814
EUW1_7739411006,10,3,3877
EUW1_7739411006,10,4,3134
EUW1_7739411006,10,5,6690
EUW1_7739374797,1,0,1001
EUW1_7739374797,1,1,2031
EUW1_7739374797,1,2,3075
EUW1_7739374797,1,3,6660
EUW1_7739374797,1,5,1054
EUW1_7739374797,2,1,6610
EUW1_7739374797,2,2,3047
EUW1_7739374797,2,3,1028
EUW1_7739374797,2,4,1036
EUW1_7739374797,3,2,4645
EUW1_7739374797,3,3,1056
EUW1_7739374797,3,4,3175
EUW1_7739374797,3,5,2510
EUW1_7739374797,4,0,1055
EUW1_7739374797,4,1,3070
EUW1_7739374797,4,2,3142
EUW1_7739374797,5,0,3009
EUW1_7739374797,5,1,3877
EUW1_7739374797,5,2,3067
EUW1_7739374797,5,3,1011
EUW1_7739374797,6,0,3074
EUW1_7739374797,6,1,2031
EUW1_7739374797,6,2,1055
EUW1_7739374797,7,0,2055
EUW1_7739374797,7,1,1036
EUW1_7739374797,7,2,1018
EUW1_7739374797,7,3,6676
EUW1_7739374797,7,4,3078
EUW1_7739374797,7,5,2422
EUW1_7739374797,8,0,1056
EUW1_7739374797,8,2,2031
EUW1_7739374797,8,3,2503
EUW1_7739374797,8,5,3175
EUW1_7739374797,9,0,3133
EUW1_7739374797,9,1,1036
EUW1_7739374797,9,2,2031
EUW1_7739374797,9,3,3078
EUW1_7739374797,9,4,3070
EUW1_7739374797,9,5,1055
EUW1_7739374797,10,0,4005
EUW1_7739374797,10,1,3158
EUW1_7739374797,10,2,3114
EUW1_7739374797,10,3,3870
EUW1_7739374797,10,4,3067
EUW1_7735648775,1,0,3020
EUW1_7735648775,1,1,3146
EUW1_7735648775,1,2,2421
EUW1_7735648775,1,3,1082
EUW1_7735648775,1,4,4633
EUW1_7735648775,1,5,1058
EUW1_7735648775,2,0,6695
EUW1_7735648775,2,1,6696
EUW1_7735648775,2,2,6694
EUW1_7735648775,2,3,3047
EUW1_7735648775,2,4,6701
EUW1_7735648775,2,5,2019
EUW1_7735648775,3,0,6657
EUW1_7735648775,3,1,2522
EUW1_7735648775,3,2,3170
EUW1_7735648775,3,3,3040
EUW1_7735648775,3,4,1082
EUW1_7735648775,4,0,2512
EUW1_7735648775,4,1,6672
EUW1_7735648775,4,2,1018
EUW1_7735648775,4,3,1038
EUW1_7735648775,4,4,1037
EUW1_7735648775,5,0,3009
EUW1_7735648775,5,1,3877
EUW1_7735648775,5,2,3071
EUW1_7735648775,5,3,3094
EUW1_7735648775,5,4,2021
EUW1_7735648775,6,0,1054
EUW1_7735648775,6,1,3078
EUW1_7735648775,6,2,3111
EUW1_7735648775,6,3,3091
EUW1_7735648775,6,4,3053
EUW1_7735648775,6,5,1029
EUW1_7735648775,7,0,3158
EUW1_7735648775,7,1,3071
EUW1_7735648775,7,2,3161
EUW1_7735648775,7,3,2517
EUW1_7735648775,7,4,6333
EUW1_7735648775,7,5,3155
EUW1_7735648775,8,0,3118
EUW1_7735648775,8,1,2420
EUW1_7735648775,8,3,4628
EUW1_7735648775,8,4,6655
EUW1_7735648775,8,5,3171
EUW1_7735648775,9,0,3031
EUW1_7735648775,9,1,3097
EUW1_7735648775,9,2,2055
EUW1_7735648775,9,3,3033
EUW1_7735648775,9,4,3072
EUW1_7735648775,9,5,3026
EUW1_7735648775,10,0,3190
EUW1_7735648775,10,1,3050
EUW1_7735648775,10,2,3876
EUW1_7735648775,10,3,3111
EUW1_7735648775,10,4,3067
EUW1_7735648775,10,5,1031
EUW1_7732948338,1,0,6653
EUW1_7732948338,1,2,2421
EUW1_7732948338,1,3,4645
EUW1_7732948338,1,4,3009
EUW1_7732948338,1,5,1082
EUW1_7732948338,2,0,3009
EUW1_7732948338,2,1,6696
EUW1_7732948338,2,2,3161
EUW1_7732948338,2,3,1055
EUW1_7732948338,2,4,6694
EUW1_7732948338,3,0,3116
EUW1_7732948338,3,1,2420
EUW1_7732948338,3,2,3115
EUW1_7732948338,3,3,3175
EUW1_7732948338,3,5,1056
EUW1_7732948338,4,0,3508
EUW1_7732948338,4,1,3035
EUW1_7732948338,4,2,6676
EUW1_7732948338,4,3,6675
EUW1_7732948338,4,4,6670
EUW1_7732948338,5,0,3190
EUW1_7732948338,5,1,2031
EUW1_7732948338,5,2,3876
EUW1_7732948338,5,3,3158
EUW1_7732948338,5,4,3050
EUW1_7732948338,5,5,1028
EUW1_7732948338,6,0,3156
EUW1_7732948338,6,1,1028
EUW1_7732948338,6,2,3111
EUW1_7732948338,6,3,3078
EUW1_7732948338,6,4,2021
EUW1_7732948338,7,0,6696
EUW1_7732948338,7,1,3047
EUW1_7732948338,7,2,6698
EUW1_7732948338,7,3,2021
EUW1_7732948338,7,4,1036
EUW1_7732948338,7,5,1036
EUW1_7732948338,8,0,1056
EUW1_7732948338,8,1,1082
EUW1_7732948338,8,2,3146
EUW1_7732948338,8,3,3175
EUW1_7732948338,8,4,4645
EUW1_7732948338,8,5,1052
EUW1_7732948338,9,0,1056
EUW1_7732948338,9,1,1029
EUW1_7732948338,9,2,2503
EUW1_7732948338,9,3,4645
EUW1_7732948338,9,4,2055
EUW1_7732948338,9,5,1082
EUW1_7732948338,10,0,6620
EUW1_7732948338,10,1,2031
EUW1_7732948338,10,2,3870
EUW1_7732948338,10,3,3009
EUW1_7732948338,10,4,2530
EUW1_7731581377,1,0,2510
EUW1_7731581377,1,1,3135
EUW1_7731581377,1,2,3115
EUW1_7731581377,1,3,2421
EUW1_7731581377,1,5,3020
EUW1_7731581377,2,0,3078
EUW1_7731581377,2,1,6610
EUW1_7731581377,2,2,1031
EUW1_7731581377,2,3,3047
EUW1_7731581377,2,4,2517
EUW1_7731581377,2,5,3026
EUW1_7731581377,3,0,2522
EUW1_7731581377,3,1,3173
EUW1_7731581377,3,2,3157
EUW1_7731581377,3,3,3040
EUW1_7731581377,3,4,6657
EUW1_7731581377,3,5,3089
EUW1_7731581377,4,0,6673
EUW1_7731581377,4,1,6676
EUW1_7731581377,4,2,3072
EUW1_7731581377,4,3,3036
EUW1_7731581377,4,4,3031
EUW1_7731581377,4,5,3026
EUW1_7731581377,5,0,3157
EUW1_7731581377,5,1,3869
EUW1_7731581377,5,2,1028
EUW1_7731581377,5,3,3009
EUW1_7731581377,5,4,3050
EUW1_7731581377,5,5,8020
EUW1_7731581377,6,0,1028
EUW1_7731581377,6,1,2055
EUW1_7731581377,6,2,3111
EUW1_7731581377,6,3,6664
EUW1_7731581377,6,4,2502
EUW1_7731581377,6,5,6665
EUW1_7731581377,7,0,6673
EUW1_7731581377,7,1,3031
EUW1_7731581377,7,2,3026
EUW1_7731581377,7,3,6676
EUW1_7731581377,7,4,6672
EUW1_7731581377,7,5,3009
EUW1_7731581377,8,0,3089
EUW1_7731581377,8,1,3157
EUW1_7731581377,8,2,3175
EUW1_7731581377,8,3,3116
EUW1_7731581377,8,4,2503
EUW1_7731581377,8,5,3135
EUW1_7731581377,9,0,3031
EUW1_7731581377,9,1,3094
EUW1_7731581377,9,2,3033
EUW1_7731581377,9,3,3026
EUW1_7731581377,9,4,3097
EUW1_7731581377,9,5,3072
EUW1_7731581377,10,0,2525
EUW1_7731581377,10,1,3877
EUW1_7731581377,10,2,3190
EUW1_7731581377,10,3,3009
EUW1_7731581377,10,4,2524
EUW1_7731581377,10,5,3067
EUW1_7731514801,1,0,6610
EUW1_7731514801,1,1,2019
EUW1_7731514801,1,2,3161
EUW1_7731514801,1,3,3156
EUW1_7731514801,1,4,3047
EUW1_7731514801,1,5,3133
EUW1_7731514801,2,0,3748
EUW1_7731514801,2,1,1057
EUW1_7731514801,2,2,3009
EUW1_7731514801,2,3,3742
EUW1_7731514801,2,4,3084
EUW1_7731514801,2,5,3065
EUW1_7731514801,3,0,2421
EUW1_7731514801,3,1,3173
EUW1_7731514801,3,2,6653
EUW1_7731514801,3,3,2503
EUW1_7731514801,3,4,1056
EUW1_7731514801,3,5,3089
EUW1_7731514801,4,0,3031
EUW1_7731514801,4,1,3155
EUW1_7731514801,4,2,3508
EUW1_7731514801,4,3,3036
EUW1_7731514801,4,4,6675
EUW1_7731514801,4,5,1055
EUW1_7731514801,5,0,3050
EUW1_7731514801,5,1,3190
EUW1_7731514801,5,2,3876
EUW1_7731514801,5,3,3158
EUW1_7731514801,5,4,2525
EUW1_7731514801,5,5,3067
EUW1_7731514801,6,0,1056
EUW1_7731514801,6,1,3009
EUW1_7731514801,6,2,6653
EUW1_7731514801,6,3,8010
EUW1_7731514801,6,4,4633
EUW1_7731514801,6,5,3916
EUW1_7731514801,7,0,3078
EUW1_7731514801,7,1,6610
EUW1_7731514801,7,2,1036
EUW1_7731514801,7,3,1037
EUW1_7731514801,7,4,3133
EUW1_7731514801,7,5,3047
EUW1_7731514801,8,0,3146
EUW1_7731514801,8,1,2420
EUW1_7731514801,8,2,3175
EUW1_7731514801,8,3,4645
EUW1_7731514801,8,4,3135
EUW1_7731514801,8,5,3089
EUW1_7731514801,9,0,1037
EUW1_7731514801,9,1,3078
EUW1_7731514801,9,2,3042
EUW1_7731514801,9,3,3036
EUW1_7731514801,9,4,1018
EUW1_7731514801,10,0,3108
EUW1_7731514801,10,1,3870
EUW1_7731514801,10,2,3916
EUW1_7731514801,10,3,3158
EUW1_7731514801,10,4,4005
EUW1_7731514801,10,5,6620
EUW1_7731417399,1,0,3143
EUW1_7731417399,1,1,3111
EUW1_7731417399,1,2,2525
EUW1_7731417399,1,3,6665
EUW1_7731417399,1,5,6664
EUW1_7731417399,2,0,6696
EUW1_7731417399,2,1,6698
EUW1_7731417399,2,2,6333
EUW1_7731417399,2,3,3111
EUW1_7731417399,2,4,6695
EUW1_7731417399,2,5,6609
EUW1_7731417399,3,0,3089
EUW1_7731417399,3,1,3171
EUW1_7731417399,3,2,6655
EUW1_7731417399,3,3,3108
EUW1_7731417399,3,4,4645
EUW1_7731417399,3,5,4630
EUW1_7731417399,4,0,3078
EUW1_7731417399,4,1,3042
EUW1_7731417399,4,2,3161
EUW1_7731417399,4,3,3033
EUW1_7731417399,4,4,1055
EUW1_7731417399,4,5,3133
EUW1_7731417399,5,0,3870
EUW1_7731417399,5,1,3107
EUW1_7731417399,5,2,3222
EUW1_7731417399,5,3,3158
EUW1_7731417399,5,4,6617
EUW1_7731417399,5,5,3114
EUW1_7731417399,6,0,3047
EUW1_7731417399,6,1,3066
EUW1_7731417399,6,2,3084
EUW1_7731417399,6,3,2525
EUW1_7731417399,6,4,3076
EUW1_7731417399,6,5,3083
EUW1_7731417399,7,0,6695
EUW1_7731417399,7,1,3142
EUW1_7731417399,7,2,3161
EUW1_7731417399,7,3,3158
EUW1_7731417399,7,4,3814
EUW1_7731417399,7,5,6694
EUW1_7731417399,8,1,2421
EUW1_7731417399,8,2,3916
EUW1_7731417399,8,3,3171
EUW1_7731417399,8,4,4645
EUW1_7731417399,8,5,3118
EUW1_7731417399,9,0,1055
EUW1_7731417399,9,1,3036
EUW1_7731417399,9,2,2523
EUW1_7731417399,9,3,3031
EUW1_7731417399,9,4,3094
EUW1_7731417399,10,0,3107
EUW1_7731417399,10,1,3222
EUW1_7731417399,10,2,3877
EUW1_7731417399,10,3,3009
EUW1_7731417399,10,4,3742
EUW1_7729644827,1,0,3031
EUW1_7729644827,1,1,6676
EUW1_7729644827,1,2,3036
EUW1_7729644827,1,3,3158
EUW1_7729644827,1,4,3134
EUW1_7729644827,1,5,3508
EUW1_7729644827,2,1,6610
EUW1_7729644827,2,2,3161
EUW1_7729644827,2,3,3111
EUW1_7729644827,2,4,3123
EUW1_7729644827,3,0,3089
EUW1_7729644827,3,1,6655
EUW1_7729644827,3,2,1082
EUW1_7729644827,3,3,3175
EUW1_7729644827,3,4,4645
EUW1_7729644827,3,5,4630
EUW1_7729644827,4,0,3031
EUW1_7729644827,4,1,6675
EUW1_7729644827,4,2,3033
EUW1_7729644827,4,3,2055
EUW1_7729644827,4,4,3508
EUW1_7729644827,5,0,3109
EUW1_7729644827,5,1,3190
EUW1_7729644827,5,2,3869
EUW1_7729644827,5,3,3158
EUW1_7729644827,5,4,3067
EUW1_7729644827,5,5,1029
EUW1_7729644827,6,0,6333
EUW1_7729644827,6,1,3073
EUW1_7729644827,6,2,3074
EUW1_7729644827,6,3,3047
EUW1_7729644827,6,4,1029
EUW1_7729644827,6,5,1029
EUW1_7729644827,7,0,6610
EUW1_7729644827,7,1,3071
EUW1_7729644827,7,2,6333
EUW1_7729644827,7,3,3026
EUW1_7729644827,7,4,3047
EUW1_7729644827,7,5,1057
EUW1_7729644827,8,0,3116
EUW1_7729644827,8,1,6665
EUW1_7729644827,8,2,3170
EUW1_7729644827,8,3,1082
EUW1_7729644827,8,4,6653
EUW1_7729644827,8,5,3082
EUW1_7729644827,9,0,3157
EUW1_7729644827,9,1,3115
EUW1_7729644827,9,3,6672
EUW1_7729644827,9,4,3124
EUW1_7729644827,10,0,3157
EUW1_7729644827,10,1,3152
EUW1_7729644827,10,2,3869
EUW1_7729644827,10,3,2031
EUW1_7729644827,10,4,3158
EUW1_7729644827,10,5,3082
EUW1_7726714177,1,0,3111
EUW1_7726714177,1,1,6692
EUW1_7726714177,1,2,2021
EUW1_7726714177,1,3,2031
EUW1_7726714177,1,5,1054
EUW1_7726714177,2,0,3020
EUW1_7726714177,2,1,1082
EUW1_7726714177,2,2,3100
EUW1_7726714177,2,3,1058
EUW1_7726714177,2,4,1052
EUW1_7726714177,3,0,3173
EUW1_7726714177,3,1,3179
EUW1_7726714177,3,2,1055
EUW1_7726714177,3,3,3077
EUW1_7726714177,3,5,2020
EUW1_7726714177,4,0,1056
EUW1_7726714177,4,2,1058
EUW1_7726714177,4,3,1052
EUW1_7726714177,4,4,2031
EUW1_7726714177,4,5,2503
EUW1_7726714177,5,0,3111
EUW1_7726714177,5,1,3869
EUW1_7726714177,5,2,3067
EUW1_7726714177,5,3,1057
EUW1_7726714177,6,0,1056
EUW1_7726714177,6,1,2031
EUW1_7726714177,6,2,1082
EUW1_7726714177,6,3,6655
EUW1_7726714177,6,4,4630
EUW1_7726714177,6,5,3020
EUW1_7726714177,7,0,6610
EUW1_7726714177,7,1,6698
EUW1_7726714177,7,2,3111
EUW1_7726714177,7,3,2055
EUW1_7726714177,8,0,1056
EUW1_7726714177,8,1,4630
EUW1_7726714177,8,2,1026
EUW1_7726714177,8,3,6655
EUW1_7726714177,8,4,3175
EUW1_7726714177,8,5,3041
EUW1_7726714177,9,0,1056
EUW1_7726714177,9,1,2510
EUW1_7726714177,9,2,3115
EUW1_7726714177,10,0,3190
EUW1_7726714177,10,1,3111
EUW1_7726714177,10,2,3876
EUW1_7726714177,10,3,3067
EUW1_7726714177,10,4,1029
EUW1_7726654021,1,0,2420
EUW1_7726654021,1,1,6653
EUW1_7726654021,1,2,1058
EUW1_7726654021,1,3,4645
EUW1_7726654021,1,4,3009
EUW1_7726654021,2,0,2055
EUW1_7726654021,2,1,6610
EUW1_7726654021,2,2,3047
EUW1_7726654021,2,3,2021
EUW1_7726654021,2,4,6692
EUW1_7726654021,2,5,1037
EUW1_7726654021,3,0,4401
EUW1_7726654021,3,1,3143
EUW1_7726654021,3,2,2055
EUW1_7726654021,3,3,3173
EUW1_7726654021,3,4,1083
EUW1_7726654021,3,5,6664
EUW1_7726654021,4,0,3089
EUW1_7726654021,4,1,2055
EUW1_7726654021,4,2,3115
EUW1_7726654021,4,3,4645
EUW1_7726654021,4,4,2510
EUW1_7726654021,5,0,3877
EUW1_7726654021,5,1,3109
EUW1_7726654021,5,2,3190
EUW1_7726654021,5,3,3009
EUW1_7726654021,5,4,2524
EUW1_7726654021,6,0,6653
EUW1_7726654021,6,2,3009
EUW1_7726654021,6,3,3040
EUW1_7726654021,6,4,6657
EUW1_7726654021,6,5,3116
EUW1_7726654021,7,0,3009
EUW1_7726654021,7,1,3078
EUW1_7726654021,7,2,3097
EUW1_7726654021,7,3,6676
EUW1_7726654021,7,4,3031
EUW1_7726654021,7,5,2523
EUW1_7726654021,8,0,4633
EUW1_7726654021,8,1,3152
EUW1_7726654021,8,2,3041
EUW1_7726654021,8,3,3175
EUW1_7726654021,8,4,8010
EUW1_7726654021,8,5,1058
EUW1_7726654021,9,0,3087
EUW1_7726654021,9,1,2510
EUW1_7726654021,9,2,6620
EUW1_7726654021,9,3,2526
EUW1_7726654021,9,5,1055
EUW1_7726654021,10,0,3190
EUW1_7726654021,10,1,3111
EUW1_7726654021,10,2,3876
EUW1_7726654021,10,3,2524
EUW1_7726654021,10,4,3067
EUW1_7726654021,10,5,1033
EUW1_7726586911,1,0,6653
EUW1_7726586911,1,1,1011
EUW1_7726586911,1,2,3047
EUW1_7726586911,1,3,3116
EUW1_7726586911,1,4,1056
EUW1_7726586911,1,5,1031
EUW1_7726586911,2,0,3047
EUW1_7726586911,2,1,6610
EUW1_7726586911,2,2,6631
EUW1_7726586911,2,3,6333
EUW1_7726586911,2,4,6695
EUW1_7726586911,3,0,6664
EUW1_7726586911,3,1,2055
EUW1_7726586911,3,2,2502
EUW1_7726586911,3,3,3075
EUW1_7726586911,3,4,3174
EUW1_7726586911,4,0,1055
EUW1_7726586911,4,1,1083
EUW1_7726586911,4,2,6672
EUW1_7726586911,4,3,2512
EUW1_7726586911,4,4,1038
EUW1_7726586911,4,5,1037
EUW1_7726586911,5,0,2031
EUW1_7726586911,5,1,3222
EUW1_7726586911,5,2,3876
EUW1_7726586911,5,3,3158
EUW1_7726586911,5,4,4005
EUW1_7726586911,5,5,1052
EUW1_7726586911,6,0,3153
EUW1_7726586911,6,1,3006
EUW1_7726586911,6,2,6673
EUW1_7726586911,6,3,1018
EUW1_7726586911,7,0,6610
EUW1_7726586911,7,1,3078
EUW1_7726586911,7,2,3047
EUW1_7726586911,7,3,1037
EUW1_7726586911,7,4,3133
EUW1_7726586911,7,5,2055
EUW1_7726586911,8,0,3171
EUW1_7726586911,8,1,3118
EUW1_7726586911,8,2,1082
EUW1_7726586911,8,3,3089
EUW1_7726586911,8,4,1026
EUW1_7726586911,8,5,4630
EUW1_7726586911,9,0,1055
EUW1_7726586911,9,1,3042
EUW1_7726586911,9,2,3078
EUW1_7726586911,9,3,3036
EUW1_7726586911,10,0,6620
EUW1_7726586911,10,1,3870
EUW1_7726586911,10,2,1082
EUW1_7726586911,10,3,6617
EUW1_7726586911,10,4,3009
EUW1_7726525237,1,0,3142
EUW1_7726525237,1,1,3042
EUW1_7726525237,1,2,1036
EUW1_7726525237,1,3,1055
EUW1_7726525237,1,4,3158
EUW1_7726525237,1,5,1036
EUW1_7726525237,2,1,3084
EUW1_7726525237,2,2,3009
EUW1_7726525237,2,3,3211
EUW1_7726525237,2,4,1028
EUW1_7726525237,2,5,3742
EUW1_7726525237,3,0,2031
EUW1_7726525237,3,1,3173
EUW1_7726525237,3,2,3040
EUW1_7726525237,3,3,6657
EUW1_7726525237,3,4,1056
EUW1_7726525237,3,5,1052
EUW1_7726525237,4,0,3097
EUW1_7726525237,4,1,1055
EUW1_7726525237,4,2,1083
EUW1_7726525237,4,3,1018
EUW1_7726525237,4,4,1037
EUW1_7726525237,4,5,1038
EUW1_7726525237,5,0,3190
EUW1_7726525237,5,1,3877
EUW1_7726525237,5,2,3742
EUW1_7726525237,5,5,3158
EUW1_7726525237,6,1,3009
EUW1_7726525237,6,2,3068
EUW1_7726525237,6,3,2502
EUW1_7726525237,6,4,1057
EUW1_7726525237,6,5,1011
EUW1_7726525237,7,0,6610
EUW1_7726525237,7,1,3078
EUW1_7726525237,7,2,3026
EUW1_7726525237,7,5,2422
EUW1_7726525237,8,0,3175
EUW1_7726525237,8,1,3118
EUW1_7726525237,8,2,4645
EUW1_7726525237,8,3,1058
EUW1_7726525237,8,4,1058
EUW1_7726525237,9,0,2031
EUW1_7726525237,9,1,3097
EUW1_7726525237,9,2,3031
EUW1_7726525237,9,3,1055
EUW1_7726525237,9,4,3123
EUW1_7726525237,9,5,1036
EUW1_7726525237,10,0,3870
EUW1_7726525237,10,1,3107
EUW1_7726525237,10,2,3158
EUW1_7726525237,10,3,6617
EUW1_7726525237,10,4,1004
EUW1_7726525237,10,5,3113
EUW1_7729589581,1,0,6653
EUW1_7729589581,1,1,1056
EUW1_7729589581,1,2,3111
EUW1_7729589581,1,3,4632
EUW1_7729589581,1,4,1082
EUW1_7729589581,1,5,1058
EUW1_7729589581,2,0,3158
EUW1_7729589581,2,1,1036
EUW1_7729589581,2,2,6695
EUW1_7729589581,2,3,1036
EUW1_7729589581,2,4,2520
EUW1_7729589581,2,5,3142
EUW1_7729589581,3,0,4645
EUW1_7729589581,3,1,2055
EUW1_7729589581,3,2,1056
EUW1_7729589581,3,4,3173
EUW1_7729589581,3,5,6657
EUW1_7729589581,4,0,1055
EUW1_7729589581,4,1,6672
EUW1_7729589581,4,2,2512
EUW1_7729589581,4,3,3031
EUW1_7729589581,5,0,2524
EUW1_7729589581,5,1,3067
EUW1_7729589581,5,2,3877
EUW1_7729589581,5,3,3111
EUW1_7729589581,5,4,1029
EUW1_7729589581,6,0,3040
EUW1_7729589581,6,1,6657
EUW1_7729589581,6,2,2031
EUW1_7729589581,6,3,3802
EUW1_7729589581,6,4,3158
EUW1_7729589581,6,5,1026
EUW1_7729589581,7,0,3111
EUW1_7729589581,7,2,6333
EUW1_7729589581,7,3,3161
EUW1_7729589581,7,4,6692
EUW1_7729589581,8,0,1054
EUW1_7729589581,8,1,3146
EUW1_7729589581,8,2,4645
EUW1_7729589581,8,3,3175
EUW1_7729589581,8,4,1058
EUW1_7729589581,8,5,1058
EUW1_7729589581,9,0,1056
EUW1_7729589581,9,1,2421
EUW1_7729589581,9,2,1082
EUW1_7729589581,9,3,3118
EUW1_7729589581,9,4,1058
EUW1_7729589581,9,5,8010
EUW1_7729589581,10,0,3158
EUW1_7729589581,10,1,3870
EUW1_7729589581,10,2,3107
EUW1_7729589581,10,3,6617
EUW1_7729589581,10,4,3114
EUW1_7729589581,10,5,3114
EUW1_7729485894,1,0,6631
EUW1_7729485894,1,2,3111
EUW1_7729485894,1,3,3071
EUW1_7729485894,1,4,3065
EUW1_7729485894,1,5,3053
EUW1_7729485894,2,0,1011
EUW1_7729485894,2,1,6653
EUW1_7729485894,2,2,1031
EUW1_7729485894,2,3,3742
EUW1_7729485894,2,4,3111
EUW1_7729485894,2,5,2504
EUW1_7729485894,3,0,3033
EUW1_7729485894,3,1,3142
EUW1_7729485894,3,2,6692
EUW1_7729485894,3,3,6695
EUW1_7729485894,3,4,3173
EUW1_7729485894,3,5,3026
EUW1_7729485894,4,0,3097
EUW1_7729485894,4,1,3094
EUW1_7729485894,4,2,3031
EUW1_7729485894,4,3,1055
EUW1_7729485894,4,4,6670
EUW1_7729485894,4,5,3026
EUW1_7729485894,5,0,6655
EUW1_7729485894,5,1,3157
EUW1_7729485894,5,2,3108
EUW1_7729485894,5,3,3871
EUW1_7729485894,5,4,3158
EUW1_7729485894,5,5,3108
EUW1_7729485894,6,0,3146
EUW1_7729485894,6,1,2420
EUW1_7729485894,6,2,1058
EUW1_7729485894,6,3,3158
EUW1_7729485894,6,4,2510
EUW1_7729485894,6,5,3115
EUW1_7729485894,7,0,6698
EUW1_7729485894,7,1,3814
EUW1_7729485894,7,2,6694
EUW1_7729485894,7,3,3111
EUW1_7729485894,7,4,6701
EUW1_7729485894,7,5,6695
EUW1_7729485894,8,0,6655
EUW1_7729485894,8,1,3135
EUW1_7729485894,8,2,6653
EUW1_7729485894,8,3,3175
EUW1_7729485894,8,4,3916
EUW1_7729485894,8,5,1058
EUW1_7729485894,9,0,3142
EUW1_7729485894,9,1,6694
EUW1_7729485894,9,2,3814
EUW1_7729485894,9,3,3042
EUW1_7729485894,9,4,3123
EUW1_7729485894,9,5,1055
EUW1_7729485894,10,0,6617
EUW1_7729485894,10,1,3107
EUW1_7729485894,10,2,3869
EUW1_7729485894,10,3,6621
EUW1_7729485894,10,4,3158
EUW1_7729485894,10,5,3067
EUW1_7729426360,1,0,1001
EUW1_7729426360,1,1,1028
EUW1_7729426360,1,2,1052
EUW1_7729426360,1,3,1029
EUW1_7729426360,1,4,3152
EUW1_7729426360,2,0,3047
EUW1_7729426360,2,1,6653
EUW1_7729426360,2,3,1082
EUW1_7729426360,3,0,1056
EUW1_7729426360,3,1,2503
EUW1_7729426360,3,2,1052
EUW1_7729426360,3,3,1001
EUW1_7729426360,3,4,1052
EUW1_7729426360,4,0,1055
EUW1_7729426360,4,1,6672
EUW1_7729426360,4,3,2031
EUW1_7729426360,4,4,1001
EUW1_7729426360,5,0,3504
EUW1_7729426360,5,2,3870
EUW1_7729426360,5,4,2422
EUW1_7729426360,6,0,3074
EUW1_7729426360,6,1,3044
EUW1_7729426360,6,2,3057
EUW1_7729426360,6,3,1001
EUW1_7729426360,6,4,1042
EUW1_7729426360,6,5,1055
EUW1_7729426360,7,0,6695
EUW1_7729426360,7,1,3748
EUW1_7729426360,7,2,2422
EUW1_7729426360,7,3,2055
EUW1_7729426360,8,0,6655
EUW1_7729426360,8,1,3041
EUW1_7729426360,8,2,3175
EUW1_7729426360,9,0,1055
EUW1_7729426360,9,1,3097
EUW1_7729426360,9,2,3086
EUW1_7729426360,9,3,3144
EUW1_7729426360,10,0,6655
EUW1_7729426360,10,1,3108
EUW1_7729426360,10,2,1082
EUW1_7729426360,10,3,3871
EUW1_7729426360,10,4,3158
EUW1_7729426360,10,5,1052
EUW1_7729344608,1,0,1029
EUW1_7729344608,1,1,3047
EUW1_7729344608,1,2,3068
EUW1_7729344608,1,3,8020
EUW1_7729344608,1,4,3076
EUW1_7729344608,1,5,1033
EUW1_7729344608,2,0,6673
EUW1_7729344608,2,1,1038
EUW1_7729344608,2,2,3009
EUW1_7729344608,2,3,6676
EUW1_7729344608,2,4,6672
EUW1_7729344608,3,0,3175
EUW1_7729344608,3,1,4645
EUW1_7729344608,3,2,1058
EUW1_7729344608,3,3,6655
EUW1_7729344608,3,4,1056
EUW1_7729344608,3,5,1082
EUW1_7729344608,4,0,6676
EUW1_7729344608,4,1,3031
EUW1_7729344608,4,2,1036
EUW1_7729344608,4,3,1055
EUW1_7729344608,4,5,3123
EUW1_7729344608,5,0,2503
EUW1_7729344608,5,1,3108
EUW1_7729344608,5,2,1082
EUW1_7729344608,5,3,3871
EUW1_7729344608,5,4,3916
EUW1_7729344608,5,5,3158
EUW1_7729344608,6,0,3071
EUW1_7729344608,6,1,2422
EUW1_7729344608,6,2,3077
EUW1_7729344608,6,3,1042
EUW1_7729344608,6,4,3044
EUW1_7729344608,6,5,1055
EUW1_7729344608,7,0,6698
EUW1_7729344608,7,1,2055
EUW1_7729344608,7,2,2422
EUW1_7729344608,7,3,6610
EUW1_7729344608,7,4,1029
EUW1_7729344608,7,5,1028
EUW1_7729344608,8,0,2510
EUW1_7729344608,8,1,3115
EUW1_7729344608,8,2,3147
EUW1_7729344608,8,3,3173
EUW1_7729344608,8,4,1052
EUW1_7729344608,9,0,1056
EUW1_7729344608,9,1,3152
EUW1_7729344608,9,2,4633
EUW1_7729344608,9,3,1082
EUW1_7729344608,9,4,1058
EUW1_7729344608,10,0,4005
EUW1_7729344608,10,1,3876
EUW1_7729344608,10,2,3108
EUW1_7729344608,10,3,3114
EUW1_7729344608,10,5,3158
EUW1_7729245014,1,0,6631
EUW1_7729245014,1,1,2031
EUW1_7729245014,1,2,1028
EUW1_7729245014,1,3,1036
EUW1_7729245014,1,4,1054
EUW1_7729245014,1,5,3111
EUW1_7729245014,2,0,2021
EUW1_7729245014,2,1,3111
EUW1_7729245014,2,2,6631
EUW1_7729245014,2,3,1036
EUW1_7729245014,2,4,1028
EUW1_7729245014,3,0,6699
EUW1_7729245014,3,1,3171
EUW1_7729245014,3,2,2031
EUW1_7729245014,3,3,1055
EUW1_7729245014,3,4,6696
EUW1_7729245014,3,5,1036
EUW1_7729245014,4,0,2503
EUW1_7729245014,4,1,1058
EUW1_7729245014,4,2,3145
EUW1_7729245014,4,5,1056
EUW1_7729245014,5,0,6655
EUW1_7729245014,5,1,2031
EUW1_7729245014,5,2,1082
EUW1_7729245014,5,3,3871
EUW1_7729245014,5,4,3158
EUW1_7729245014,5,5,3108
EUW1_7729245014,6,0,3158
EUW1_7729245014,6,1,3157
EUW1_7729245014,6,2,3146
EUW1_7729245014,6,4,1055
EUW1_7729245014,6,5,4645
EUW1_7729245014,7,0,3157
EUW1_7729245014,7,1,2503
EUW1_7729245014,7,3,1082
EUW1_7729245014,7,4,3020
EUW1_7729245014,7,5,1052
EUW1_7729245014,8,0,6694
EUW1_7729245014,8,1,3142
EUW1_7729245014,8,2,1055
EUW1_7729245014,8,3,3174
EUW1_7729245014,8,4,6696
EUW1_7729245014,8,5,1036
EUW1_7729245014,9,0,1055
EUW1_7729245014,9,1,6670
EUW1_7729245014,9,3,3031
EUW1_7729245014,9,4,6676
EUW1_7729245014,9,5,3094
EUW1_7729245014,10,0,3869
EUW1_7729245014,10,1,3190
EUW1_7729245014,10,2,3109
EUW1_7729245014,10,3,3111
EUW1_7729245014,10,5,1033
EUW1_7729144191,1,0,3075
EUW1_7729144191,1,1,3083
EUW1_7729144191,1,2,3084
EUW1_7729144191,1,3,3009
EUW1_7729144191,1,4,2021
EUW1_7729144191,1,5,1011
EUW1_7729144191,2,0,2525
EUW1_7729144191,2,1,3152
EUW1_7729144191,2,2,3047
EUW1_7729144191,2,3,1082
EUW1_7729144191,2,4,1011
EUW1_7729144191,2,5,3916
EUW1_7729144191,3,0,3157
EUW1_7729144191,3,1,3152
EUW1_7729144191,3,2,1082
EUW1_7729144191,3,3,3175
EUW1_7729144191,3,4,1056
EUW1_7729144191,3,5,1028
EUW1_7729144191,4,0,6672
EUW1_7729144191,4,1,3115
EUW1_7729144191,4,3,3124
EUW1_7729144191,4,5,1055
EUW1_7729144191,5,0,3869
EUW1_7729144191,5,1,2031
EUW1_7729144191,5,2,3190
EUW1_7729144191,5,3,3047
EUW1_7729144191,5,4,1029
EUW1_7729144191,5,5,3067
EUW1_7729144191,6,0,1056
EUW1_7729144191,6,1,3111
EUW1_7729144191,6,2,3116
EUW1_7729144191,6,3,6653
EUW1_7729144191,6,4,1011
EUW1_7729144191,6,5,1028
EUW1_7729144191,7,0,3036
EUW1_7729144191,7,1,6676
EUW1_7729144191,7,2,3111
EUW1_7729144191,7,3,3748
EUW1_7729144191,7,4,1018
EUW1_7729144191,7,5,1037
EUW1_7729144191,8,0,3153
EUW1_7729144191,8,1,6672
EUW1_7729144191,8,2,1036
EUW1_7729144191,8,3,3173
EUW1_7729144191,8,4,1055
EUW1_7729144191,8,5,1043
EUW1_7729144191,9,0,1055
EUW1_7729144191,9,2,3078
EUW1_7729144191,9,3,3042
EUW1_7729144191,9,4,1038
EUW1_7729144191,9,5,6676
EUW1_7729144191,10,0,2503
EUW1_7729144191,10,1,3147
EUW1_7729144191,10,2,1082
EUW1_7729144191,10,3,3871
EUW1_7729144191,10,4,3158
EUW1_7729144191,10,5,3916
EUW1_7729046448,1,0,3068
EUW1_7729046448,1,1,2502
EUW1_7729046448,1,2,3748
EUW1_7729046448,1,3,3047
EUW1_7729046448,1,4,2504
EUW1_7729046448,1,5,3076
EUW1_7729046448,2,0,3071
EUW1_7729046448,2,1,3111
EUW1_7729046448,2,2,6610
EUW1_7729046448,2,3,3053
EUW1_7729046448,2,4,3026
EUW1_7729046448,2,5,3067
EUW1_7729046448,3,0,1054
EUW1_7729046448,3,1,3157
EUW1_7729046448,3,2,1058
EUW1_7729046448,3,3,3173
EUW1_7729046448,3,4,6653
EUW1_7729046448,3,5,4633
EUW1_7729046448,4,0,3097
EUW1_7729046448,4,1,3031
EUW1_7729046448,4,2,3036
EUW1_7729046448,4,3,6675
EUW1_7729046448,4,4,3026
EUW1_7729046448,4,5,3072
EUW1_7729046448,5,0,6655
EUW1_7729046448,5,1,3157
EUW1_7729046448,5,2,3108
EUW1_7729046448,5,3,3869
EUW1_7729046448,5,4,3108
EUW1_7729046448,5,5,3158
EUW1_7729046448,6,0,3009
EUW1_7729046448,6,1,2517
EUW1_7729046448,6,2,6692
EUW1_7729046448,6,3,6333
EUW1_7729046448,6,4,3161
EUW1_7729046448,6,5,3026
EUW1_7729046448,7,0,6698
EUW1_7729046448,7,1,3814
EUW1_7729046448,7,2,2055
EUW1_7729046448,7,3,6696
EUW1_7729046448,7,4,6694
EUW1_7729046448,7,5,3158
EUW1_7729046448,8,0,3171
EUW1_7729046448,8,1,2503
EUW1_7729046448,8,2,2065
EUW1_7729046448,8,3,3089
EUW1_7729046448,8,4,3137
EUW1_7729046448,8,5,3742
EUW1_7729046448,9,0,2019
EUW1_7729046448,9,1,6694
EUW1_7729046448,9,2,1038
EUW1_7729046448,9,3,3042
EUW1_7729046448,9,4,6695
EUW1_7729046448,9,5,3078
EUW1_7729046448,10,0,3109
EUW1_7729046448,10,1,3877
EUW1_7729046448,10,2,3742
EUW1_7729046448,10,3,2524
EUW1_7729046448,10,4,3009
EUW1_7728981406,1,0,2510
EUW1_7728981406,1,1,4645
EUW1_7728981406,1,2,3020
EUW1_7728981406,1,3,4630
EUW1_7728981406,1,4,1082
EUW1_7728981406,1,5,1026
EUW1_7728981406,2,0,6695
EUW1_7728981406,2,1,3142
EUW1_7728981406,2,3,3035
EUW1_7728981406,2,4,3158
EUW1_7728981406,2,5,1036
EUW1_7728981406,3,0,3146
EUW1_7728981406,3,1,4633
EUW1_7728981406,3,2,3171
EUW1_7728981406,3,4,1056
EUW1_7728981406,3,5,1082
EUW1_7728981406,4,0,2031
EUW1_7728981406,4,1,6672
EUW1_7728981406,4,2,3124
EUW1_7728981406,4,3,1043
EUW1_7728981406,4,4,1042
EUW1_7728981406,4,5,1055
EUW1_7728981406,5,0,4005
EUW1_7728981406,5,1,3158
EUW1_7728981406,5,2,3876
EUW1_7728981406,5,3,3108
EUW1_7728981406,5,4,1004
EUW1_7728981406,6,0,1054
EUW1_7728981406,6,1,6664
EUW1_7728981406,6,2,3111
EUW1_7728981406,6,3,2504
EUW1_7728981406,6,4,3076
EUW1_7728981406,7,0,3078
EUW1_7728981406,7,1,3742
EUW1_7728981406,7,2,3111
EUW1_7728981406,7,3,3211
EUW1_7728981406,7,4,2022
EUW1_7728981406,8,0,3042
EUW1_7728981406,8,1,3173
EUW1_7728981406,8,2,1055
EUW1_7728981406,8,3,3078
EUW1_7728981406,8,4,3035
EUW1_7728981406,8,5,1018
EUW1_7728981406,9,0,4645
EUW1_7728981406,9,1,2421
EUW1_7728981406,9,2,4628
EUW1_7728981406,9,3,6655
EUW1_7728981406,9,5,1082
EUW1_7728981406,10,0,3158
EUW1_7728981406,10,1,2065
EUW1_7728981406,10,2,3870
EUW1_7728981406,10,3,6617
EUW1_7728981406,10,4,3108
EUW1_7728981406,10,5,1004
EUW1_7728928854,1,0,4633
EUW1_7728928854,1,1,1058
EUW1_7728928854,1,2,3152
EUW1_7728928854,1,3,3158
EUW1_7728928854,1,4,1082
EUW1_7728928854,1,5,1056
EUW1_7728928854,2,0,1082
EUW1_7728928854,2,1,4633
EUW1_7728928854,2,2,3152
EUW1_7728928854,2,3,2422
EUW1_7728928854,2,4,8010
EUW1_7728928854,2,5,2055
EUW1_7728928854,3,0,3173
EUW1_7728928854,3,1,3142
EUW1_7728928854,3,2,3042
EUW1_7728928854,3,3,1036
EUW1_7728928854,3,4,2055
EUW1_7728928854,3,5,1055
EUW1_7728928854,4,0,1055
EUW1_7728928854,4,1,3094
EUW1_7728928854,4,2,3097
EUW1_7728928854,5,0,6655
EUW1_7728928854,5,1,2420
EUW1_7728928854,5,2,1082
EUW1_7728928854,5,3,3869
EUW1_7728928854,5,4,1058
EUW1_7728928854,5,5,3158
EUW1_7728928854,6,0,3153
EUW1_7728928854,6,1,1057
EUW1_7728928854,6,2,1055
EUW1_7728928854,6,3,1043
EUW1_7728928854,6,4,1001
EUW1_7728928854,6,5,1042
EUW1_7728928854,7,0,3050
EUW1_7728928854,7,1,6696
EUW1_7728928854,7,2,1001
EUW1_7728928854,7,3,1036
EUW1_7728928854,7,4,1037
EUW1_7728928854,7,5,1036
EUW1_7728928854,8,0,1056
EUW1_7728928854,8,1,3152
EUW1_7728928854,8,2,1082
EUW1_7728928854,8,3,3175
EUW1_7728928854,8,4,1058
EUW1_7728928854,8,5,3145
EUW1_7728928854,9,0,1055
EUW1_7728928854,9,1,1052
EUW1_7728928854,9,2,3152
EUW1_7728928854,9,3,1082
EUW1_7728928854,9,4,1058
EUW1_7728928854,10,0,3190
EUW1_7728928854,10,1,2031
EUW1_7728928854,10,2,3869
EUW1_7728928854,10,3,3111
EUW1_7727494608,1,0,3111
EUW1_7727494608,1,1,6631
EUW1_7727494608,1,2,3157
EUW1_7727494608,1,3,1028
EUW1_7727494608,1,4,3053
EUW1_7727494608,1,5,3181
EUW1_7727494608,2,0,3142
EUW1_7727494608,2,1,3158
EUW1_7727494608,2,2,3134
EUW1_7727494608,2,3,3814
EUW1_7727494608,2,4,6694
EUW1_7727494608,2,5,6701
EUW1_7727494608,3,0,6653
EUW1_7727494608,3,1,2420
EUW1_7727494608,3,2,3135
EUW1_7727494608,3,3,2503
EUW1_7727494608,3,4,3175
EUW1_7727494608,3,5,3116
EUW1_7727494608,4,0,6675
EUW1_7727494608,4,1,3032
EUW1_7727494608,4,2,3031
EUW1_7727494608,4,3,3036
EUW1_7727494608,4,4,3139
EUW1_7727494608,4,5,1036
EUW1_7727494608,5,0,3158
EUW1_7727494608,5,1,6655
EUW1_7727494608,5,2,3137
EUW1_7727494608,5,3,3871
EUW1_7727494608,5,4,6653
EUW1_7727494608,5,5,3916
EUW1_7727494608,6,0,6653
EUW1_7727494608,6,1,3143
EUW1_7727494608,6,2,3009
EUW1_7727494608,6,3,4401
EUW1_7727494608,6,4,2525
EUW1_7727494608,6,5,3116
EUW1_7727494608,7,0,6610
EUW1_7727494608,7,1,3139
EUW1_7727494608,7,2,6698
EUW1_7727494608,7,3,3026
EUW1_7727494608,7,4,6333
EUW1_7727494608,7,5,6694
EUW1_7727494608,8,0,3152
EUW1_7727494608,8,1,3157
EUW1_7727494608,8,2,3110
EUW1_7727494608,8,3,4633
EUW1_7727494608,8,4,3173
EUW1_7727494608,8,5,3076
EUW1_7727494608,9,0,4645
EUW1_7727494608,9,1,3157
EUW1_7727494608,9,2,1052
EUW1_7727494608,9,3,3089
EUW1_7727494608,9,4,4630
EUW1_7727494608,9,5,2503
EUW1_7727494608,10,0,3158
EUW1_7727494608,10,1,3190
EUW1_7727494608,10,2,1011
EUW1_7727494608,10,3,3876
EUW1_7727494608,10,4,3050
EUW1_7727494608,10,5,2524
EUW1_7740283897,1,0,1056
EUW1_7740283897,1,1,1001
EUW1_7740283897,1,2,6653
EUW1_7740283897,1,3,1082
EUW1_7740283897,1,4,1052
EUW1_7740283897,2,0,4630
EUW1_7740283897,2,1,3020
EUW1_7740283897,2,2,1082
EUW1_7740283897,2,3,2055
EUW1_7740283897,2,4,3152
EUW1_7740283897,3,0,6673
EUW1_7740283897,3,1,2031
EUW1_7740283897,3,2,3153
EUW1_7740283897,3,3,3172
EUW1_7740283897,3,4,1055
EUW1_7740283897,3,5,1018
EUW1_7740283897,4,0,3508
EUW1_7740283897,4,1,3004
EUW1_7740283897,4,2,1037
EUW1_7740283897,4,3,1036
EUW1_7740283897,4,5,1055
EUW1_7740283897,5,0,3158
EUW1_7740283897,5,1,6620
EUW1_7740283897,5,2,3870
EUW1_7740283897,5,3,3067
EUW1_7740283897,5,4,1004
EUW1_7740283897,6,0,3142
EUW1_7740283897,6,1,3111
EUW1_7740283897,6,2,1054
EUW1_7740283897,6,3,3742
EUW1_7740283897,6,4,1057
EUW1_7740283897,6,5,3066
EUW1_7740283897,7,0,6701
EUW1_7740283897,7,1,3158
EUW1_7740283897,7,2,3142
EUW1_7740283897,7,3,2055
EUW1_7740283897,7,4,3134
EUW1_7740283897,7,5,3814
EUW1_7740283897,8,0,3146
EUW1_7740283897,8,1,3145
EUW1_7740283897,8,2,3175
EUW1_7740283897,8,3,1082
EUW1_7740283897,8,4,1058
EUW1_7740283897,9,0,1055
EUW1_7740283897,9,1,1037
EUW1_7740283897,9,2,1083
EUW1_7740283897,9,3,3508
EUW1_7740283897,9,4,3094
EUW1_7740283897,10,0,3870
EUW1_7740283897,10,1,2065
EUW1_7740283897,10,2,3158
EUW1_7740283897,10,3,4005
EUW1_7740283897,10,4,4642
EUW1_7737556117,1,0,3074
EUW1_7737556117,1,1,1055
EUW1_7737556117,1,2,2055
EUW1_7737556117,1,3,6610
EUW1_7737556117,1,4,3047
EUW1_7737556117,1,5,6333
EUW1_7737556117,2,0,3161
EUW1_7737556117,2,1,3748
EUW1_7737556117,2,2,3111
EUW1_7737556117,2,3,3053
EUW1_7737556117,2,4,1029
EUW1_7737556117,2,5,1037
EUW1_7737556117,3,0,3040
EUW1_7737556117,3,1,2522
EUW1_7737556117,3,2,6657
EUW1_7737556117,3,3,3175
EUW1_7737556117,3,4,3089
EUW1_7737556117,3,5,1029
EUW1_7737556117,4,0,1056
EUW1_7737556117,4,1,3116
EUW1_7737556117,4,2,3157
EUW1_7737556117,4,3,6653
EUW1_7737556117,4,4,1052
EUW1_7737556117,4,5,1028
EUW1_7737556117,5,0,3869
EUW1_7737556117,5,1,3050
EUW1_7737556117,5,2,3158
EUW1_7737556117,5,3,3190
EUW1_7737556117,5,4,3114
EUW1_7737556117,5,5,3108
EUW1_7737556117,6,0,3152
EUW1_7737556117,6,1,3916
EUW1_7737556117,6,2,6657
EUW1_7737556117,6,3,3108
EUW1_7737556117,6,4,3158
EUW1_7737556117,6,5,3067
EUW1_7737556117,7,0,3026
EUW1_7737556117,7,1,6610
EUW1_7737556117,7,2,3047
EUW1_7737556117,7,3,3155
EUW1_7737556117,7,5,3078
EUW1_7737556117,8,0,3089
EUW1_7737556117,8,1,2421
EUW1_7737556117,8,2,3146
EUW1_7737556117,8,3,3100
EUW1_7737556117,8,4,3175
EUW1_7737556117,8,5,1082
EUW1_7737556117,9,0,1018
EUW1_7737556117,9,1,6672
EUW1_7737556117,9,2,1053
EUW1_7737556117,9,3,1033
EUW1_7737556117,9,4,3031
EUW1_7737556117,9,5,2512
EUW1_7737556117,10,0,3190
EUW1_7737556117,10,1,3876
EUW1_7737556117,10,2,3009
EUW1_7737556117,10,3,2524
EUW1_7737556117,10,4,3916
EUW1_7737556117,10,5,1031
EUW1_7737516217,1,0,3074
EUW1_7737516217,1,1,2019
EUW1_7737516217,1,2,2055
EUW1_7737516217,1,3,3047
EUW1_7737516217,1,4,6610
EUW1_7737516217,1,5,3133
EUW1_7737516217,2,0,3111
EUW1_7737516217,2,1,3078
EUW1_7737516217,2,2,1036
EUW1_7737516217,2,3,6610
EUW1_7737516217,3,0,4633
EUW1_7737516217,3,1,3152
EUW1_7737516217,3,2,2055
EUW1_7737516217,3,3,1082
EUW1_7737516217,3,4,3173
EUW1_7737516217,3,5,1057
EUW1_7737516217,4,0,3031
EUW1_7737516217,4,1,3508
EUW1_7737516217,4,2,1055
EUW1_7737516217,5,0,3877
EUW1_7737516217,5,1,2530
EUW1_7737516217,5,2,3111
EUW1_7737516217,5,3,6620
EUW1_7737516217,5,4,1028
EUW1_7737516217,6,0,1055
EUW1_7737516217,6,1,3123
EUW1_7737516217,6,2,3071
EUW1_7737516217,6,3,3047
EUW1_7737516217,6,4,2021
EUW1_7737516217,6,5,1037
EUW1_7737516217,7,0,3152
EUW1_7737516217,7,1,3157
EUW1_7737516217,7,2,4645
EUW1_7737516217,7,3,3020
EUW1_7737516217,7,4,1082
EUW1_7737516217,7,5,1052
EUW1_7737516217,8,0,3040
EUW1_7737516217,8,1,6657
EUW1_7737516217,8,2,1058
EUW1_7737516217,8,3,1082
EUW1_7737516217,8,4,3173
EUW1_7737516217,8,5,1056
EUW1_7737516217,9,0,1055
EUW1_7737516217,9,1,3097
EUW1_7737516217,9,2,3031
EUW1_7737516217,9,3,3036
EUW1_7737516217,9,4,1036
EUW1_7737516217,9,5,1042
EUW1_7737516217,10,0,3870
EUW1_7737516217,10,1,3107
EUW1_7737516217,10,2,3158
EUW1_7737516217,10,3,6620
EUW1_7737516217,10,4,3916
EUW1_7737516217,10,5,1028
EUW1_7736770226,1,0,3047
EUW1_7736770226,1,1,3068
EUW1_7736770226,1,2,6665
EUW1_7736770226,1,3,2524
EUW1_7736770226,2,0,3155
EUW1_7736770226,2,1,1036
EUW1_7736770226,2,2,6698
EUW1_7736770226,2,3,1029
EUW1_7736770226,2,4,6696
EUW1_7736770226,2,5,3047
EUW1_7736770226,3,0,1056
EUW1_7736770226,3,1,3146
EUW1_7736770226,3,2,1082
EUW1_7736770226,3,3,3173
EUW1_7736770226,3,4,4645
EUW1_7736770226,3,5,1052
EUW1_7736770226,4,0,1055
EUW1_7736770226,4,1,6675
EUW1_7736770226,4,2,3032
EUW1_7736770226,4,3,3031
EUW1_7736770226,4,4,3035
EUW1_7736770226,4,5,6670
EUW1_7736770226,5,0,3158
EUW1_7736770226,5,1,1052
EUW1_7736770226,5,2,3222
EUW1_7736770226,5,3,3870
EUW1_7736770226,5,5,2065
EUW1_7736770226,6,0,6631
EUW1_7736770226,6,1,3143
EUW1_7736770226,6,2,3009
EUW1_7736770226,6,3,3071
EUW1_7736770226,7,0,3071
EUW1_7736770226,7,1,6610
EUW1_7736770226,7,2,3047
EUW1_7736770226,7,3,3026
EUW1_7736770226,7,4,2019
EUW1_7736770226,8,0,2522
EUW1_7736770226,8,1,3135
EUW1_7736770226,8,2,3089
EUW1_7736770226,8,3,3040
EUW1_7736770226,8,4,6657
EUW1_7736770226,8,5,3175
EUW1_7736770226,9,0,2523
EUW1_7736770226,9,1,3046
EUW1_7736770226,9,2,1036
EUW1_7736770226,9,3,1055
EUW1_7736770226,9,4,1038
EUW1_7736770226,9,5,1037
EUW1_7736770226,10,0,2524
EUW1_7736770226,10,1,3877
EUW1_7736770226,10,2,3190
EUW1_7736770226,10,3,3009
EUW1_7736770226,10,4,3067
EUW1_7736677435,1,0,6333
EUW1_7736677435,1,1,6694
EUW1_7736677435,1,2,6699
EUW1_7736677435,1,3,1036
EUW1_7736677435,1,4,3161
EUW1_7736677435,1,5,3111
EUW1_7736677435,2,0,6610
EUW1_7736677435,2,1,3078
EUW1_7736677435,2,2,3026
EUW1_7736677435,2,3,2517
EUW1_7736677435,2,4,3047
EUW1_7736677435,2,5,3053
EUW1_7736677435,3,0,3118
EUW1_7736677435,3,1,3171
EUW1_7736677435,3,2,2055
EUW1_7736677435,3,3,3089
EUW1_7736677435,3,4,4645
EUW1_7736677435,3,5,4628
EUW1_7736677435,4,0,6694
EUW1_7736677435,4,1,3026
EUW1_7736677435,4,2,3042
EUW1_7736677435,4,3,3142
EUW1_7736677435,4,4,6695
EUW1_7736677435,4,5,3814
EUW1_7736677435,5,0,3190
EUW1_7736677435,5,1,3876
EUW1_7736677435,5,2,3067
EUW1_7736677435,5,3,3009
EUW1_7736677435,5,4,3222
EUW1_7736677435,5,5,2524
EUW1_7736677435,6,0,3033
EUW1_7736677435,6,1,6631
EUW1_7736677435,6,2,3046
EUW1_7736677435,6,3,3006
EUW1_7736677435,6,4,3053
EUW1_7736677435,6,5,3143
EUW1_7736677435,7,0,3156
EUW1_7736677435,7,1,2517
EUW1_7736677435,7,2,6698
EUW1_7736677435,7,3,6333
EUW1_7736677435,7,4,6696
EUW1_7736677435,7,5,3111
EUW1_7736677435,8,0,3171
EUW1_7736677435,8,1,3152
EUW1_7736677435,8,2,3157
EUW1_7736677435,8,3,3070
EUW1_7736677435,8,4,3089
EUW1_7736677435,8,5,3137
EUW1_7736677435,9,0,3161
EUW1_7736677435,9,1,3042
EUW1_7736677435,9,2,3078
EUW1_7736677435,9,3,2517
EUW1_7736677435,9,4,6694
EUW1_7736677435,9,5,3072
EUW1_7736677435,10,0,3050
EUW1_7736677435,10,1,3869
EUW1_7736677435,10,2,3190
EUW1_7736677435,10,3,3009
EUW1_7736677435,10,4,3067
EUW1_7736677435,10,5,2524
EUW1_7736616857,1,0,3047
EUW1_7736616857,1,1,6698
EUW1_7736616857,1,2,3134
EUW1_7736616857,1,3,2055
EUW1_7736616857,1,4,6610
EUW1_7736616857,1,5,6333
EUW1_7736616857,2,0,2055
EUW1_7736616857,2,1,3078
EUW1_7736616857,2,2,6333
EUW1_7736616857,2,3,6610
EUW1_7736616857,2,5,3047
EUW1_7736616857,3,0,2503
EUW1_7736616857,3,1,3175
EUW1_7736616857,3,2,4628
EUW1_7736616857,3,3,3145
EUW1_7736616857,3,4,1058
EUW1_7736616857,3,5,1056
EUW1_7736616857,4,0,3123
EUW1_7736616857,4,1,3508
EUW1_7736616857,4,2,6675
EUW1_7736616857,4,3,1037
EUW1_7736616857,4,4,1055
EUW1_7736616857,4,5,1038
EUW1_7736616857,5,0,2524
EUW1_7736616857,5,1,3009
EUW1_7736616857,5,2,3877
EUW1_7736616857,5,3,3109
EUW1_7736616857,5,4,1033
EUW1_7736616857,5,5,3070
EUW1_7736616857,6,0,1036
EUW1_7736616857,6,1,3074
EUW1_7736616857,6,2,3047
EUW1_7736616857,6,3,1055
EUW1_7736616857,6,4,6333
EUW1_7736616857,6,5,3044
EUW1_7736616857,7,0,3155
EUW1_7736616857,7,2,6698
EUW1_7736616857,7,3,6333
EUW1_7736616857,7,4,6696
EUW1_7736616857,7,5,3158
EUW1_7736616857,8,0,3171
EUW1_7736616857,8,1,3152
EUW1_7736616857,8,2,3070
EUW1_7736616857,8,3,3113
EUW1_7736616857,8,4,3089
EUW1_7736616857,9,0,1055
EUW1_7736616857,9,1,6672
EUW1_7736616857,9,2,2512
EUW1_7736616857,9,3,3031
EUW1_7736616857,9,4,3036
EUW1_7736616857,10,0,3107
EUW1_7736616857,10,1,3190
EUW1_7736616857,10,2,3870
EUW1_7736616857,10,3,3504
EUW1_7736616857,10,5,3158
EUW1_7736337469,1,0,3053
EUW1_7736337469,1,1,3161
EUW1_7736337469,1,2,3047
EUW1_7736337469,1,3,3143
EUW1_7736337469,1,4,3078
EUW1_7736337469,1,5,3071
EUW1_7736337469,2,0,6701
EUW1_7736337469,2,1,6698
EUW1_7736337469,2,2,3036
EUW1_7736337469,2,3,6695
EUW1_7736337469,2,4,3153
EUW1_7736337469,2,5,3006
EUW1_7736337469,3,0,3135
EUW1_7736337469,3,1,3089
EUW1_7736337469,3,2,3152
EUW1_7736337469,3,3,4645
EUW1_7736337469,3,4,3173
EUW1_7736337469,3,5,4646
EUW1_7736337469,4,0,3031
EUW1_7736337469,4,1,3078
EUW1_7736337469,4,2,6676
EUW1_7736337469,4,3,3042
EUW1_7736337469,4,4,3036
EUW1_7736337469,4,5,3086
EUW1_7736337469,5,0,3190
EUW1_7736337469,5,1,3152
EUW1_7736337469,5,2,3870
EUW1_7736337469,5,3,3222
EUW1_7736337469,5,4,2065
EUW1_7736337469,5,5,3158
EUW1_7736337469,6,0,6333
EUW1_7736337469,6,1,3156
EUW1_7736337469,6,2,6692
EUW1_7736337469,6,3,3026
EUW1_7736337469,6,4,1028
EUW1_7736337469,6,5,3047
EUW1_7736337469,7,0,6333
EUW1_7736337469,7,1,6698
EUW1_7736337469,7,2,6696
EUW1_7736337469,7,3,3111
EUW1_7736337469,7,4,3156
EUW1_7736337469,7,5,3026
EUW1_7736337469,8,0,3170
EUW1_7736337469,8,1,3157
EUW1_7736337469,8,2,4629
EUW1_7736337469,8,3,3089
EUW1_7736337469,8,4,2503
EUW1_7736337469,8,5,4630
EUW1_7736337469,9,0,3143
EUW1_7736337469,9,1,3031
EUW1_7736337469,9,2,1033
EUW1_7736337469,9,3,6672
EUW1_7736337469,9,4,6673
EUW1_7736337469,9,5,2512
EUW1_7736337469,10,0,3869
EUW1_7736337469,10,1,3190
EUW1_7736337469,10,2,3009
EUW1_7736337469,10,3,2524
EUW1_7736337469,10,4,2525
EUW1_7736337469,10,5,1011
EUW1_7736274658,1,0,3161
EUW1_7736274658,1,1,1054
EUW1_7736274658,1,2,6610
EUW1_7736274658,1,3,3111
EUW1_7736274658,1,4,2019
EUW1_7736274658,1,5,3133
EUW1_7736274658,2,0,3111
EUW1_7736274658,2,1,3078
EUW1_7736274658,2,2,3053
EUW1_7736274658,2,3,6333
EUW1_7736274658,2,4,3066
EUW1_7736274658,2,5,1031
EUW1_7736274658,3,0,1054
EUW1_7736274658,3,1,3157
EUW1_7736274658,3,2,3175
EUW1_7736274658,3,3,3100
EUW1_7736274658,3,4,3041
EUW1_7736274658,3,5,3102
EUW1_7736274658,4,0,1056
EUW1_7736274658,4,1,3067
EUW1_7736274658,4,2,3211
EUW1_7736274658,4,3,3118
EUW1_7736274658,4,4,3041
EUW1_7736274658,4,5,3116
EUW1_7736274658,5,0,3047
EUW1_7736274658,5,1,3869
EUW1_7736274658,5,2,3190
EUW1_7736274658,5,3,3050
EUW1_7736274658,5,4,1029
EUW1_7736274658,5,5,1028
EUW1_7736274658,6,0,1001
EUW1_7736274658,6,1,3748
EUW1_7736274658,6,2,3075
EUW1_7736274658,6,3,2504
EUW1_7736274658,6,5,1054
EUW1_7736274658,7,0,1001
EUW1_7736274658,7,1,6698
EUW1_7736274658,7,2,3179
EUW1_7736274658,7,3,6695
EUW1_7736274658,8,0,1056
EUW1_7736274658,8,1,1082
EUW1_7736274658,8,2,2055
EUW1_7736274658,8,3,4646
EUW1_7736274658,8,4,3175
EUW1_7736274658,8,5,2503
EUW1_7736274658,9,0,1055
EUW1_7736274658,9,1,2512
EUW1_7736274658,9,2,3032
EUW1_7736274658,9,3,3123
EUW1_7736274658,9,4,3035
EUW1_7736274658,10,0,2422
EUW1_7736274658,10,1,3190
EUW1_7736274658,10,2,3869
EUW1_7736274658,10,3,2524
EUW1_7736274658,10,4,3067
EUW1_7739863803,1,0,1055
EUW1_7739863803,1,1,3078
EUW1_7739863803,1,2,3074
EUW1_7739863803,1,3,1001
EUW1_7739863803,1,4,1036
EUW1_7739863803,1,5,1028
EUW1_7739863803,2,0,3153
EUW1_7739863803,2,1,6631
EUW1_7739863803,2,2,2422
EUW1_7739863803,2,3,3026
EUW1_7739863803,2,4,1029
EUW1_7739863803,2,5,6672
EUW1_7739863803,3,0,3041
EUW1_7739863803,3,1,3152
EUW1_7739863803,3,2,2055
EUW1_7739863803,3,3,1058
EUW1_7739863803,3,4,3173
EUW1_7739863803,3,5,3118
EUW1_7739863803,4,0,3040
EUW1_7739863803,4,1,2526
EUW1_7739863803,4,2,6620
EUW1_7739863803,4,3,2508
EUW1_7739863803,4,4,1052
EUW1_7739863803,4,5,1028
EUW1_7739863803,5,0,3111
EUW1_7739863803,5,1,3877
EUW1_7739863803,5,2,3190
EUW1_7739863803,5,3,3067
EUW1_7739863803,5,4,1031
EUW1_7739863803,6,0,3142
EUW1_7739863803,6,1,6701
EUW1_7739863803,6,2,3035
EUW1_7739863803,6,3,3111
EUW1_7739863803,6,4,3123
EUW1_7739863803,6,5,1083
EUW1_7739863803,7,0,6698
EUW1_7739863803,7,1,3111
EUW1_7739863803,7,2,6610
EUW1_7739863803,7,3,3133
EUW1_7739863803,7,4,1036
EUW1_7739863803,8,0,2503
EUW1_7739863803,8,1,4629
EUW1_7739863803,8,2,3171
EUW1_7739863803,8,3,1052
EUW1_7739863803,8,4,1056
EUW1_7739863803,8,5,1082
EUW1_7739863803,9,0,1055
EUW1_7739863803,9,1,2510
EUW1_7739863803,9,2,3087
EUW1_7739863803,9,3,1038
EUW1_7739863803,10,0,2524
EUW1_7739863803,10,1,3190
EUW1_7739863803,10,2,3876
EUW1_7739863803,10,3,1028
EUW1_7739863803,10,4,2422
EUW1_7739612698,1,0,6692
EUW1_7739612698,1,1,2422
EUW1_7739612698,1,2,1054
EUW1_7739612698,1,3,3161
EUW1_7739612698,1,4,1029
EUW1_7739612698,2,0,1001
EUW1_7739612698,2,1,3067
EUW1_7739612698,2,2,3044
EUW1_7739612698,2,5,6610
EUW1_7739612698,3,0,6655
EUW1_7739612698,3,1,1082
EUW1_7739612698,3,2,1058
EUW1_7739612698,3,3,1001
EUW1_7739612698,3,4,1056
EUW1_7739612698,3,5,1029
EUW1_7739612698,4,0,2031
EUW1_7739612698,4,1,6672
EUW1_7739612698,4,2,1055
EUW1_7739612698,4,3,1083
EUW1_7739612698,4,4,3086
EUW1_7739612698,4,5,3144
EUW1_7739612698,5,0,3870
EUW1_7739612698,5,1,3504
EUW1_7739612698,5,2,3158
EUW1_7739612698,5,3,3114
EUW1_7739612698,5,4,1028
EUW1_7739612698,5,5,2022
EUW1_7739612698,6,0,1055
EUW1_7739612698,6,1,3142
EUW1_7739612698,6,2,1001
EUW1_7739612698,6,3,3042
EUW1_7739612698,6,4,6694
EUW1_7739612698,7,0,6610
EUW1_7739612698,7,1,3078
EUW1_7739612698,7,2,3044
EUW1_7739612698,7,3,3111
EUW1_7739612698,7,4,2022
EUW1_7739612698,8,0,1058
EUW1_7739612698,8,1,3152
EUW1_7739612698,8,2,1054
EUW1_7739612698,8,3,3175
EUW1_7739612698,8,4,3145
EUW1_7739612698,8,5,1082
EUW1_7739612698,9,0,1055
EUW1_7739612698,9,2,3124
EUW1_7739612698,9,3,2510
EUW1_7739612698,9,4,1052
EUW1_7739612698,9,5,6672
EUW1_7739612698,10,0,3869
EUW1_7739612698,10,1,3152
EUW1_7739612698,10,2,3110
EUW1_7739612698,10,3,3916
EUW1_7739612698,10,4,3158
EUW1_7739612698,10,5,1082
EUW1_7739275415,1,0,2031
EUW1_7739275415,1,1,3078
EUW1_7739275415,1,2,3047
EUW1_7739275415,1,3,3071
EUW1_7739275415,1,5,1055
EUW1_7739275415,2,0,6610
EUW1_7739275415,2,1,6692
EUW1_7739275415,2,2,2055
EUW1_7739275415,2,3,2022
EUW1_7739275415,2,4,3044
EUW1_7739275415,2,5,3111
EUW1_7739275415,3,0,1055
EUW1_7739275415,3,1,6672
EUW1_7739275415,3,2,3153
EUW1_7739275415,3,3,1001
EUW1_7739275415,3,4,1033
EUW1_7739275415,4,0,3032
EUW1_7739275415,4,1,2523
EUW1_7739275415,4,2,2055
EUW1_7739275415,4,3,1055
EUW1_7739275415,4,4,1018
EUW1_7739275415,5,0,3869
EUW1_7739275415,5,1,8020
EUW1_7739275415,5,2,1052
EUW1_7739275415,5,3,1082
EUW1_7739275415,5,4,3111
EUW1_7739275415,5,5,2022
EUW1_7739275415,6,0,3142
EUW1_7739275415,6,1,3134
EUW1_7739275415,6,3,3042
EUW1_7739275415,6,4,3009
EUW1_7739275415,6,5,1055
EUW1_7739275415,7,0,3742
EUW1_7739275415,7,1,3009
EUW1_7739275415,7,2,1057
EUW1_7739275415,7,3,1028
EUW1_7739275415,7,5,6610
EUW1_7739275415,8,0,1056
EUW1_7739275415,8,1,2508
EUW1_7739275415,8,2,3145
EUW1_7739275415,8,3,3175
EUW1_7739275415,8,4,3115
EUW1_7739275415,8,5,3147
EUW1_7739275415,9,0,1056
EUW1_7739275415,9,1,1058
EUW1_7739275415,9,2,4645
EUW1_7739275415,9,3,6655
EUW1_7739275415,9,4,1058
EUW1_7739275415,9,5,1082
EUW1_7739275415,10,0,3047
EUW1_7739275415,10,1,3742
EUW1_7739275415,10,2,6653
EUW1_7739275415,10,3,3877
EUW1_7739275415,10,5,1082
EUW1_7739234954,1,0,1056
EUW1_7739234954,1,2,8010
EUW1_7739234954,1,3,6653
EUW1_7739234954,1,4,3158
EUW1_7739234954,2,1,3078
EUW1_7739234954,2,2,6610
EUW1_7739234954,2,3,2019
EUW1_7739234954,2,4,3133
EUW1_7739234954,2,5,3047
EUW1_7739234954,3,0,1082
EUW1_7739234954,3,1,3152
EUW1_7739234954,3,2,2421
EUW1_7739234954,3,3,3175
EUW1_7739234954,3,4,2503
EUW1_7739234954,4,0,6672
EUW1_7739234954,4,1,1083
EUW1_7739234954,4,2,2512
EUW1_7739234954,4,3,1038
EUW1_7739234954,4,4,1055
EUW1_7739234954,4,5,1037
EUW1_7739234954,5,0,3742
EUW1_7739234954,5,1,3047
EUW1_7739234954,5,2,3877
EUW1_7739234954,5,3,2524
EUW1_7739234954,5,4,1052
EUW1_7739234954,6,0,1058
EUW1_7739234954,6,1,3152
EUW1_7739234954,6,2,3020
EUW1_7739234954,6,3,1052
EUW1_7739234954,6,4,1056
EUW1_7739234954,6,5,1058
EUW1_7739234954,7,0,2022
EUW1_7739234954,7,1,6698
EUW1_7739234954,7,2,6610
EUW1_7739234954,7,3,2422
EUW1_7739234954,7,4,1036
EUW1_7739234954,8,0,1054
EUW1_7739234954,8,1,3172
EUW1_7739234954,8,2,3153
EUW1_7739234954,8,3,1018
EUW1_7739234954,9,0,2031
EUW1_7739234954,9,1,3078
EUW1_7739234954,9,2,3042
EUW1_7739234954,9,3,1036
EUW1_7739234954,9,5,1055
EUW1_7739234954,10,0,2065
EUW1_7739234954,10,1,3870
EUW1_7739234954,10,2,3009
EUW1_7739234954,10,3,3067
EUW1_7739234954,10,4,4642
EUW1_7739181443,1,0,6631
EUW1_7739181443,1,1,2031
EUW1_7739181443,1,2,1037
EUW1_7739181443,1,5,3047
EUW1_7739181443,2,0,3041
EUW1_7739181443,2,1,3107
EUW1_7739181443,2,2,1052
EUW1_7739181443,2,3,3158
EUW1_7739181443,2,4,3067
EUW1_7739181443,3,0,6672
EUW1_7739181443,3,1,3153
EUW1_7739181443,3,2,1043
EUW1_7739181443,3,3,1055
EUW1_7739181443,3,4,3174
EUW1_7739181443,3,5,3051
EUW1_7739181443,4,0,2510
EUW1_7739181443,4,1,1058
EUW1_7739181443,4,2,2031
EUW1_7739181443,4,3,1082
EUW1_7739181443,4,4,1056
EUW1_7739181443,4,5,1052
EUW1_7739181443,5,0,3158
EUW1_7739181443,5,1,2031
EUW1_7739181443,5,2,3050
EUW1_7739181443,5,3,3869
EUW1_7739181443,5,4,3067
EUW1_7739181443,5,5,1033
EUW1_7739181443,6,0,3078
EUW1_7739181443,6,4,3047
EUW1_7739181443,6,5,1055
EUW1_7739181443,7,0,4633
EUW1_7739181443,7,1,1001
EUW1_7739181443,7,2,3152
EUW1_7739181443,7,3,2022
EUW1_7739181443,7,4,1052
EUW1_7739181443,7,5,1052
EUW1_7739181443,8,0,3179
EUW1_7739181443,8,1,2031
EUW1_7739181443,8,2,6695
EUW1_7739181443,8,3,3123
EUW1_7739181443,8,4,1001
EUW1_7739181443,9,0,1055
EUW1_7739181443,9,1,2031
EUW1_7739181443,9,2,3004
EUW1_7739181443,9,3,1033
EUW1_7739181443,9,4,3078
EUW1_7739181443,10,0,3870
EUW1_7739181443,10,1,6617
EUW1_7739181443,10,2,3158
EUW1_7739181443,10,3,3114
EUW1_7739181443,10,4,3108
EUW1_7739142516,1,0,1033
EUW1_7739142516,1,1,3110
EUW1_7739142516,1,2,3118
EUW1_7739142516,1,3,3020
EUW1_7739142516,1,4,3075
EUW1_7739142516,1,5,3211
EUW1_7739142516,2,0,3065
EUW1_7739142516,2,1,3084
EUW1_7739142516,2,2,3009
EUW1_7739142516,2,3,3075
EUW1_7739142516,2,4,3143
EUW1_7739142516,2,5,1028
EUW1_7739142516,3,0,1058
EUW1_7739142516,3,1,3157
EUW1_7739142516,3,3,3115
EUW1_7739142516,3,4,3116
EUW1_7739142516,3,5,3175
EUW1_7739142516,4,0,1055
EUW1_7739142516,4,1,3031
EUW1_7739142516,4,2,2031
EUW1_7739142516,4,3,3508
EUW1_7739142516,4,4,3094
EUW1_7739142516,5,0,3876
EUW1_7739142516,5,1,3158
EUW1_7739142516,5,2,2065
EUW1_7739142516,5,3,4005
EUW1_7739142516,5,4,3067
EUW1_7739142516,5,5,3916
EUW1_7739142516,6,0,3053
EUW1_7739142516,6,1,3111
EUW1_7739142516,6,2,3078
EUW1_7739142516,7,0,3179
EUW1_7739142516,7,1,3142
EUW1_7739142516,7,2,6695
EUW1_7739142516,7,3,3134
EUW1_7739142516,7,4,1001
EUW1_7739142516,8,0,3171
EUW1_7739142516,8,1,2503
EUW1_7739142516,8,2,6653
EUW1_7739142516,8,3,1082
EUW1_7739142516,8,4,3916
EUW1_7739142516,9,0,3033
EUW1_7739142516,9,2,1042
EUW1_7739142516,9,3,3097
EUW1_7739142516,9,4,3031
EUW1_7739142516,10,0,3877
EUW1_7739142516,10,2,2530
EUW1_7739142516,10,3,6620
EUW1_7739142516,10,4,3114
EUW1_7739142516,10,5,3114
EUW1_7740288954,1,0,1054
EUW1_7740288954,1,1,2031
EUW1_7740288954,1,2,3066
EUW1_7740288954,1,3,3047
EUW1_7740288954,1,4,3142
EUW1_7740288954,1,5,1031
EUW1_7740288954,2,0,1102
EUW1_7740288954,2,1,3111
EUW1_7740288954,2,2,6653
EUW1_7740288954,2,3,1028
EUW1_7740288954,2,4,3041
EUW1_7740288954,2,5,1033
EUW1_7740288954,3,0,1055
EUW1_7740288954,3,1,3172
EUW1_7740288954,3,2,2031
EUW1_7740288954,3,3,3153
EUW1_7740288954,3,4,6673
EUW1_7740288954,3,5,2055
EUW1_7740288954,4,0,2031
EUW1_7740288954,4,1,2512
EUW1_7740288954,4,2,2055
EUW1_7740288954,4,4,6672
EUW1_7740288954,4,5,1055
EUW1_7740288954,5,0,3009
EUW1_7740288954,5,1,3877
EUW1_7740288954,5,2,2031
EUW1_7740288954,5,3,3179
EUW1_7740288954,5,4,3134
EUW1_7740288954,6,0,2020
EUW1_7740288954,6,1,1036
EUW1_7740288954,6,3,1001
EUW1_7740288954,6,4,6692
EUW1_7740288954,6,5,1055
EUW1_7740288954,7,0,1102
EUW1_7740288954,7,1,3158
EUW1_7740288954,7,2,6620
EUW1_7740288954,7,3,1004
EUW1_7740288954,7,4,3067
EUW1_7740288954,7,5,1082
EUW1_7740288954,8,0,2031
EUW1_7740288954,8,1,1056
EUW1_7740288954,8,2,1082
EUW1_7740288954,8,3,2510
EUW1_7740288954,8,4,3175
EUW1_7740288954,8,5,1052
EUW1_7740288954,9,0,1055
EUW1_7740288954,9,2,2031
EUW1_7740288954,9,3,6672
EUW1_7740288954,9,4,1042
EUW1_7740288954,10,0,3869
EUW1_7740288954,10,1,2524
EUW1_7740288954,10,2,3047
EUW1_7740243806,1,0,3047
EUW1_7740243806,1,1,3161
EUW1_7740243806,1,2,2055
EUW1_7740243806,1,3,6692
EUW1_7740243806,1,4,3123
EUW1_7740243806,1,5,6333
EUW1_7740243806,2,0,6695
EUW1_7740243806,2,1,3111
EUW1_7740243806,2,2,3161
EUW1_7740243806,2,3,6631
EUW1_7740243806,3,0,3089
EUW1_7740243806,3,1,3137
EUW1_7740243806,3,2,3040
EUW1_7740243806,3,3,1052
EUW1_7740243806,3,4,1082
EUW1_7740243806,3,5,3171
EUW1_7740243806,4,0,3157
EUW1_7740243806,4,1,3152
EUW1_7740243806,4,2,3041
EUW1_7740243806,4,3,3089
EUW1_7740243806,4,4,4630
EUW1_7740243806,4,5,4633
EUW1_7740243806,5,0,3107
EUW1_7740243806,5,1,3869
EUW1_7740243806,5,2,3050
EUW1_7740243806,5,3,3067
EUW1_7740243806,5,4,3158
EUW1_7740243806,5,5,1057
EUW1_7740243806,6,0,6665
EUW1_7740243806,6,1,6664
EUW1_7740243806,6,2,3047
EUW1_7740243806,6,3,2502
EUW1_7740243806,6,4,3067
EUW1_7740243806,6,5,1057
EUW1_7740243806,7,0,6620
EUW1_7740243806,7,1,3107
EUW1_7740243806,7,2,3158
EUW1_7740243806,7,3,1026
EUW1_7740243806,7,4,6617
EUW1_7740243806,7,5,3114
EUW1_7740243806,8,0,4645
EUW1_7740243806,8,1,3175
EUW1_7740243806,8,2,3157
EUW1_7740243806,8,3,2510
EUW1_7740243806,9,0,1037
EUW1_7740243806,9,1,3033
EUW1_7740243806,9,2,3156
EUW1_7740243806,9,3,1055
EUW1_7740243806,9,4,3097
EUW1_7740243806,9,5,6675
EUW1_7740243806,10,0,3877
EUW1_7740243806,10,1,3009
EUW1_7740243806,10,2,2524
EUW1_7740243806,10,3,3742
EUW1_7740243806,10,4,3916
EUW1_7740243806,10,5,1052
EUW1_7740064491,1,0,3031
EUW1_7740064491,1,1,6672
EUW1_7740064491,1,2,3006
EUW1_7740064491,1,3,6673
EUW1_7740064491,2,0,3222
EUW1_7740064491,2,1,3158
EUW1_7740064491,2,2,3114
EUW1_7740064491,2,3,6620
EUW1_7740064491,2,4,1082
EUW1_7740064491,2,5,6617
EUW1_7740064491,3,0,3171
EUW1_7740064491,3,1,3118
EUW1_7740064491,3,2,4628
EUW1_7740064491,3,3,3108
EUW1_7740064491,3,4,4630
EUW1_7740064491,3,5,1082
EUW1_7740064491,4,0,6665
EUW1_7740064491,4,1,3153
EUW1_7740064491,4,2,1029
EUW1_7740064491,4,3,3302
EUW1_7740064491,4,4,3124
EUW1_7740064491,5,0,3158
EUW1_7740064491,5,1,2524
EUW1_7740064491,5,2,3876
EUW1_7740064491,5,3,3050
EUW1_7740064491,5,4,3067
EUW1_7740064491,6,0,1055
EUW1_7740064491,6,1,3071
EUW1_7740064491,6,2,3047
EUW1_7740064491,6,3,3053
EUW1_7740064491,6,4,3134
EUW1_7740064491,7,0,3124
EUW1_7740064491,7,1,6672
EUW1_7740064491,7,2,3111
EUW1_7740064491,7,3,3073
EUW1_7740064491,7,4,1029
EUW1_7740064491,7,5,1029
EUW1_7740064491,8,0,3089
EUW1_7740064491,8,1,2510
EUW1_7740064491,8,2,4645
EUW1_7740064491,8,4,3173
EUW1_7740064491,10,0,1029
EUW1_7740064491,10,1,3050
EUW1_7740064491,10,2,3222
EUW1_7740064491,10,3,3070
EUW1_7740064491,10,4,3111
EUW1_7740064491,10,5,3877
EUW1_7740432988,1,0,6653
EUW1_7740432988,1,2,6657
EUW1_7740432988,1,3,3040
EUW1_7740432988,1,4,3158
EUW1_7740432988,2,0,6617
EUW1_7740432988,2,1,3158
EUW1_7740432988,2,2,3107
EUW1_7740432988,2,3,3118
EUW1_7740432988,2,4,1026
EUW1_7740432988,2,5,1004
EUW1_7740432988,3,0,3074
EUW1_7740432988,3,1,3153
EUW1_7740432988,3,3,1054
EUW1_7740432988,3,4,6675
EUW1_7740432988,3,5,3172
EUW1_7740432988,4,0,3032
EUW1_7740432988,4,1,3031
EUW1_7740432988,4,2,6675
EUW1_7740432988,4,3,3036
EUW1_7740432988,4,4,1036
EUW1_7740432988,5,0,3107
EUW1_7740432988,5,2,3158
EUW1_7740432988,5,3,3870
EUW1_7740432988,5,4,6617
EUW1_7740432988,6,0,3118
EUW1_7740432988,6,1,2031
EUW1_7740432988,6,2,3111
EUW1_7740432988,6,3,1057
EUW1_7740432988,6,4,1056
EUW1_7740432988,6,5,3076
EUW1_7740432988,7,0,3115
EUW1_7740432988,7,1,2421
EUW1_7740432988,7,2,2422
EUW1_7740432988,7,3,2510
EUW1_7740432988,8,0,1055
EUW1_7740432988,8,1,6695
EUW1_7740432988,8,2,6699
EUW1_7740432988,8,3,3171
EUW1_7740432988,8,4,6696
EUW1_7740432988,8,5,1036
EUW1_7740432988,9,0,1055
EUW1_7740432988,9,1,3032
EUW1_7740432988,9,2,2512
EUW1_7740432988,9,3,3031
EUW1_7740432988,9,4,1036
EUW1_7740432988,10,0,3870
EUW1_7740432988,10,1,3916
EUW1_7740432988,10,2,6617
EUW1_7740432988,10,3,3158
EUW1_7740432988,10,4,4642
EUW1_7740432988,10,5,1028
EUW1_7739526287,1,0,3111
EUW1_7739526287,1,1,6664
EUW1_7739526287,1,2,2031
EUW1_7739526287,1,3,1054
EUW1_7739526287,1,4,1031
EUW1_7739526287,1,5,1011
EUW1_7739526287,2,0,3073
EUW1_7739526287,2,1,3047
EUW1_7739526287,2,2,6631
EUW1_7739526287,2,3,2055
EUW1_7739526287,2,4,3050
EUW1_7739526287,2,5,1036
EUW1_7739526287,3,0,1056
EUW1_7739526287,3,1,6657
EUW1_7739526287,3,2,3040
EUW1_7739526287,3,3,3174
EUW1_7739526287,3,4,3802
EUW1_7739526287,4,0,3031
EUW1_7739526287,4,1,2523
EUW1_7739526287,4,2,1018
EUW1_7739526287,4,3,3035
EUW1_7739526287,4,4,1036
EUW1_7739526287,4,5,1055
EUW1_7739526287,5,0,3190
EUW1_7739526287,5,1,1031
EUW1_7739526287,5,2,3877
EUW1_7739526287,5,3,3158
EUW1_7739526287,5,4,3066
EUW1_7739526287,5,5,1028
EUW1_7739526287,6,0,1056
EUW1_7739526287,6,1,2510
EUW1_7739526287,6,2,3111
EUW1_7739526287,6,3,4633
EUW1_7739526287,6,4,3115
EUW1_7739526287,7,0,6696
EUW1_7739526287,7,1,6698
EUW1_7739526287,7,2,6694
EUW1_7739526287,7,3,3814
EUW1_7739526287,7,4,1001
EUW1_7739526287,7,5,1029
EUW1_7739526287,8,0,1036
EUW1_7739526287,8,1,3171
EUW1_7739526287,8,2,1055
EUW1_7739526287,8,3,6696
EUW1_7739526287,8,4,6694
EUW1_7739526287,8,5,6699
EUW1_7739526287,9,0,2510
EUW1_7739526287,9,1,6672
EUW1_7739526287,9,2,3124
EUW1_7739526287,9,3,1029
EUW1_7739526287,9,4,1052
EUW1_7739526287,9,5,1052
EUW1_7739526287,10,0,2524
EUW1_7739526287,10,1,3050
EUW1_7739526287,10,2,3876
EUW1_7739526287,10,3,3009
EUW1_7739526287,10,4,1011
EUW1_7739526287,10,5,3067
EUW1_7735318815,1,0,3156
EUW1_7735318815,1,1,6610
EUW1_7735318815,1,2,2019
EUW1_7735318815,1,3,3111
EUW1_7735318815,1,4,6699
EUW1_7735318815,1,5,6701
EUW1_7735318815,2,0,3111
EUW1_7735318815,2,1,3078
EUW1_7735318815,2,2,3742
EUW1_7735318815,2,3,3065
EUW1_7735318815,2,4,1057
EUW1_7735318815,2,5,3066
EUW1_7735318815,3,0,1056
EUW1_7735318815,3,1,1058
EUW1_7735318815,3,2,3157
EUW1_7735318815,3,3,3118
EUW1_7735318815,3,4,3040
EUW1_7735318815,3,5,3173
EUW1_7735318815,4,0,3147
EUW1_7735318815,4,1,6653
EUW1_7735318815,4,2,1082
EUW1_7735318815,4,3,2525
EUW1_7735318815,4,4,3116
EUW1_7735318815,4,5,4401
EUW1_7735318815,5,0,3050
EUW1_7735318815,5,1,1031
EUW1_7735318815,5,2,3222
EUW1_7735318815,5,3,3070
EUW1_7735318815,5,4,3111
EUW1_7735318815,5,5,3877
EUW1_7735318815,6,0,1055
EUW1_7735318815,6,1,3078
EUW1_7735318815,6,2,3111
EUW1_7735318815,6,3,6610
EUW1_7735318815,6,4,2517
EUW1_7735318815,6,5,2021
EUW1_7735318815,7,0,3161
EUW1_7735318815,7,1,6697
EUW1_7735318815,7,2,6698
EUW1_7735318815,7,3,3026
EUW1_7735318815,7,4,3071
EUW1_7735318815,7,5,3158
EUW1_7735318815,8,0,3173
EUW1_7735318815,8,1,3115
EUW1_7735318815,8,2,3157
EUW1_7735318815,8,3,3041
EUW1_7735318815,8,4,2510
EUW1_7735318815,8,5,3135
EUW1_7735318815,9,0,1056
EUW1_7735318815,9,1,2421
EUW1_7735318815,9,2,6653
EUW1_7735318815,9,3,3916
EUW1_7735318815,9,4,8010
EUW1_7735318815,9,5,3116
EUW1_7735318815,10,0,3871
EUW1_7735318815,10,1,3157
EUW1_7735318815,10,2,3107
EUW1_7735318815,10,3,2508
EUW1_7735318815,10,4,1052
EUW1_7735318815,10,5,3158
EUW1_7736894370,1,0,3142
EUW1_7736894370,1,1,3742
EUW1_7736894370,1,2,4401
EUW1_7736894370,1,3,3047
EUW1_7736894370,1,4,1028
EUW1_7736894370,2,0,6610
EUW1_7736894370,2,1,6333
EUW1_7736894370,2,2,6698
EUW1_7736894370,2,3,3047
EUW1_7736894370,2,4,1036
EUW1_7736894370,2,5,1036
EUW1_7736894370,3,0,1058
EUW1_7736894370,3,1,3175
EUW1_7736894370,3,2,3146
EUW1_7736894370,3,3,4645
EUW1_7736894370,3,4,1082
EUW1_7736894370,3,5,2420
EUW1_7736894370,4,0,2502
EUW1_7736894370,4,1,1054
EUW1_7736894370,4,2,3065
EUW1_7736894370,4,3,3110
EUW1_7736894370,4,4,1029
EUW1_7736894370,5,0,6620
EUW1_7736894370,5,1,3009
EUW1_7736894370,5,2,3870
EUW1_7736894370,5,3,2530
EUW1_7736894370,5,4,3114
EUW1_7736894370,5,5,3114
EUW1_7736894370,6,0,3078
EUW1_7736894370,6,1,3124
EUW1_7736894370,6,2,3051
EUW1_7736894370,6,3,3006
EUW1_7736894370,6,4,1043
EUW1_7736894370,6,5,1055
EUW1_7736894370,7,0,3742
EUW1_7736894370,7,1,3084
EUW1_7736894370,7,2,3047
EUW1_7736894370,7,3,3065
EUW1_7736894370,7,4,1011
EUW1_7736894370,8,0,3118
EUW1_7736894370,8,1,4628
EUW1_7736894370,8,2,1052
EUW1_7736894370,8,3,1082
EUW1_7736894370,8,4,3171
EUW1_7736894370,8,5,1056
EUW1_7736894370,9,0,2523
EUW1_7736894370,9,1,3031
EUW1_7736894370,9,2,3123
EUW1_7736894370,9,3,2055
EUW1_7736894370,9,4,1055
EUW1_7736894370,9,5,1018
EUW1_7736894370,10,0,3877
EUW1_7736894370,10,1,3009
EUW1_7736894370,10,2,3070
EUW1_7736894370,10,3,3109
EUW1_7736894370,10,4,1029
EUW1_7736894370,10,5,1028
EUW1_7736831775,1,0,3135
EUW1_7736831775,1,1,3146
EUW1_7736831775,1,2,2510
EUW1_7736831775,1,3,4633
EUW1_7736831775,1,4,3089
EUW1_7736831775,1,5,3111
EUW1_7736831775,2,0,2520
EUW1_7736831775,2,1,6701
EUW1_7736831775,2,2,6694
EUW1_7736831775,2,3,3179
EUW1_7736831775,2,4,3814
EUW1_7736831775,2,5,3158
EUW1_7736831775,3,0,2503
EUW1_7736831775,3,1,3116
EUW1_7736831775,3,2,3137
EUW1_7736831775,3,3,3102
EUW1_7736831775,3,4,3916
EUW1_7736831775,3,5,3173
EUW1_7736831775,4,0,3031
EUW1_7736831775,4,1,3078
EUW1_7736831775,4,2,3036
EUW1_7736831775,4,3,3042
EUW1_7736831775,4,4,3094
EUW1_7736831775,4,5,6676
EUW1_7736831775,5,0,3877
EUW1_7736831775,5,1,3742
EUW1_7736831775,5,2,4401
EUW1_7736831775,5,3,2524
EUW1_7736831775,5,5,3111
EUW1_7736831775,6,0,3111
EUW1_7736831775,6,1,3157
EUW1_7736831775,6,2,3078
EUW1_7736831775,6,3,2055
EUW1_7736831775,6,4,6610
EUW1_7736831775,6,5,3156
EUW1_7736831775,7,0,3143
EUW1_7736831775,7,1,3742
EUW1_7736831775,7,2,3068
EUW1_7736831775,7,3,8020
EUW1_7736831775,7,4,3111
EUW1_7736831775,7,5,3050
EUW1_7736831775,8,0,3157
EUW1_7736831775,8,1,3115
EUW1_7736831775,8,2,3175
EUW1_7736831775,8,3,3089
EUW1_7736831775,8,4,4645
EUW1_7736831775,8,5,3135
EUW1_7736831775,9,0,2523
EUW1_7736831775,9,1,3036
EUW1_7736831775,9,2,3031
EUW1_7736831775,9,3,2055
EUW1_7736831775,9,4,3072
EUW1_7736831775,9,5,3046
EUW1_7736831775,10,0,3190
EUW1_7736831775,10,1,3109
EUW1_7736831775,10,2,3869
EUW1_7736831775,10,3,2524
EUW1_7736831775,10,4,3111
EUW1_7736831775,10,5,3067
EUW1_7736793833,1,0,1001
EUW1_7736793833,1,1,2031
EUW1_7736793833,1,2,6692
EUW1_7736793833,1,3,1055
EUW1_7736793833,1,4,1037
EUW1_7736793833,1,5,1036
EUW1_7736793833,2,0,6676
EUW1_7736793833,2,1,6672
EUW1_7736793833,2,2,1001
EUW1_7736793833,2,3,1033
EUW1_7736793833,2,4,2055
EUW1_7736793833,3,0,1056
EUW1_7736793833,3,1,3070
EUW1_7736793833,3,2,6657
EUW1_7736793833,3,3,2055
EUW1_7736793833,3,4,3170
EUW1_7736793833,3,5,3802
EUW1_7736793833,4,0,2512
EUW1_7736793833,4,1,1055
EUW1_7736793833,4,2,3144
EUW1_7736793833,4,3,1018
EUW1_7736793833,4,5,3508
EUW1_7736793833,5,0,3870
EUW1_7736793833,5,1,3504
EUW1_7736793833,5,2,3158
EUW1_7736793833,5,3,3114
EUW1_7736793833,6,0,3508
EUW1_7736793833,6,1,3086
EUW1_7736793833,6,2,1055
EUW1_7736793833,6,3,2031
EUW1_7736793833,6,4,3047
EUW1_7736793833,6,5,1042
EUW1_7736793833,7,0,1058
EUW1_7736793833,7,1,2510
EUW1_7736793833,7,2,1082
EUW1_7736793833,7,3,3020
EUW1_7736793833,7,4,1052
EUW1_7736793833,8,0,1056
EUW1_7736793833,8,1,1082
EUW1_7736793833,8,2,6655
EUW1_7736793833,8,3,3171
EUW1_7736793833,8,4,1052
EUW1_7736793833,8,5,1058
EUW1_7736793833,9,0,3004
EUW1_7736793833,9,1,2055
EUW1_7736793833,9,2,3142
EUW1_7736793833,9,3,1055
EUW1_7736793833,10,0,3190
EUW1_7736793833,10,1,3877
EUW1_7736793833,10,2,1001
EUW1_7736793833,10,3,1029
EUW1_7737472455,1,0,3153
EUW1_7737472455,1,1,3181
EUW1_7737472455,1,2,3047
EUW1_7737472455,1,3,1057
EUW1_7737472455,1,4,6333
EUW1_7737472455,1,5,3053
EUW1_7737472455,2,0,3053
EUW1_7737472455,2,1,6610
EUW1_7737472455,2,3,6333
EUW1_7737472455,2,4,3111
EUW1_7737472455,2,5,1057
EUW1_7737472455,3,0,3157
EUW1_7737472455,3,1,1058
EUW1_7737472455,3,2,2503
EUW1_7737472455,3,3,1058
EUW1_7737472455,3,4,4645
EUW1_7737472455,3,5,3175
EUW1_7737472455,4,0,1052
EUW1_7737472455,4,1,6672
EUW1_7737472455,4,2,3124
EUW1_7737472455,4,3,2510
EUW1_7737472455,4,4,1055
EUW1_7737472455,4,5,3102
EUW1_7737472455,5,0,3877
EUW1_7737472455,5,1,3119
EUW1_7737472455,5,2,3009
EUW1_7737472455,5,3,3076
EUW1_7737472455,5,4,3109
EUW1_7737472455,5,5,3067
EUW1_7737472455,6,0,8010
EUW1_7737472455,6,1,2421
EUW1_7737472455,6,2,2055
EUW1_7737472455,6,3,3047
EUW1_7737472455,6,4,3089
EUW1_7737472455,7,0,3161
EUW1_7737472455,7,1,2055
EUW1_7737472455,7,2,3047
EUW1_7737472455,7,3,6610
EUW1_7737472455,7,4,6333
EUW1_7737472455,8,0,3157
EUW1_7737472455,8,1,3146
EUW1_7737472455,8,2,3135
EUW1_7737472455,8,3,3175
EUW1_7737472455,8,4,4645
EUW1_7737472455,9,0,3078
EUW1_7737472455,9,1,2517
EUW1_7737472455,9,2,3042
EUW1_7737472455,9,3,6694
EUW1_7737472455,9,4,3161
EUW1_7737472455,10,0,3158
EUW1_7737472455,10,1,3107
EUW1_7737472455,10,2,3870
EUW1_7737472455,10,3,4005
EUW1_7737472455,10,4,3916
EUW1_7737472455,10,5,1082
EUW1_7737428320,1,0,3073
EUW1_7737428320,1,1,6631
EUW1_7737428320,1,2,3047
EUW1_7737428320,1,3,2021
EUW1_7737428320,1,4,1028
EUW1_7737428320,2,0,4633
EUW1_7737428320,2,1,3158
EUW1_7737428320,2,2,8010
EUW1_7737428320,2,3,1052
EUW1_7737428320,2,4,1082
EUW1_7737428320,2,5,3152
EUW1_7737428320,3,0,3100
EUW1_7737428320,3,1,6657
EUW1_7737428320,3,2,3094
EUW1_7737428320,3,3,3171
EUW1_7737428320,3,4,3041
EUW1_7737428320,3,5,1052
EUW1_7737428320,4,0,1055
EUW1_7737428320,4,1,3042
EUW1_7737428320,4,2,3078
EUW1_7737428320,4,3,2517
EUW1_7737428320,4,4,3035
EUW1_7737428320,4,5,3133
EUW1_7737428320,5,0,3877
EUW1_7737428320,5,1,3109
EUW1_7737428320,5,2,3070
EUW1_7737428320,5,3,3009
EUW1_7737428320,5,4,3067
EUW1_7737428320,5,5,3076
EUW1_7737428320,6,0,3053
EUW1_7737428320,6,1,6692
EUW1_7737428320,6,2,2055
EUW1_7737428320,6,3,3071
EUW1_7737428320,6,4,3123
EUW1_7737428320,6,5,3047
EUW1_7737428320,7,0,3065
EUW1_7737428320,7,1,3084
EUW1_7737428320,7,2,2055
EUW1_7737428320,7,3,1028
EUW1_7737428320,7,4,3111
EUW1_7737428320,7,5,3075
EUW1_7737428320,8,0,3102
EUW1_7737428320,8,1,2031
EUW1_7737428320,8,2,3145
EUW1_7737428320,8,3,2503
EUW1_7737428320,8,4,1056
EUW1_7737428320,8,5,3173
EUW1_7737428320,9,0,6672
EUW1_7737428320,9,1,3031
EUW1_7737428320,9,2,2512
EUW1_7737428320,9,3,1055
EUW1_7737428320,10,0,3869
EUW1_7737428320,10,1,3111
EUW1_7737428320,10,2,2031
EUW1_7737428320,10,3,2525
EUW1_7737428320,10,4,3109
EUW1_7739319525,1,0,1054
EUW1_7739319525,1,1,6665
EUW1_7739319525,1,2,1033
EUW1_7739319525,1,3,1057
EUW1_7739319525,1,4,3111
EUW1_7739319525,1,5,3075
EUW1_7739319525,2,0,3111
EUW1_7739319525,2,1,4401
EUW1_7739319525,2,2,6653
EUW1_7739319525,2,3,3147
EUW1_7739319525,2,4,3108
EUW1_7739319525,2,5,1082
EUW1_7739319525,3,0,4633
EUW1_7739319525,3,1,3152
EUW1_7739319525,3,2,3173
EUW1_7739319525,3,3,1056
EUW1_7739319525,3,4,3041
EUW1_7739319525,3,5,8020
EUW1_7739319525,4,0,3031
EUW1_7739319525,4,1,1083
EUW1_7739319525,4,2,3032
EUW1_7739319525,4,3,2523
EUW1_7739319525,4,4,1042
EUW1_7739319525,4,5,1055
EUW1_7739319525,5,0,3109
EUW1_7739319525,5,1,3107
EUW1_7739319525,5,2,3870
EUW1_7739319525,5,3,3158
EUW1_7739319525,5,4,3067
EUW1_7739319525,5,5,1033
EUW1_7739319525,6,0,1055
EUW1_7739319525,6,1,3078
EUW1_7739319525,6,2,1036
EUW1_7739319525,6,3,6610
EUW1_7739319525,6,4,3047
EUW1_7739319525,6,5,1036
EUW1_7739319525,7,0,3009
EUW1_7739319525,7,1,3084
EUW1_7739319525,7,2,3065
EUW1_7739319525,7,3,3066
EUW1_7739319525,7,4,1028
EUW1_7739319525,7,5,2055
EUW1_7739319525,8,0,3137
EUW1_7739319525,8,1,1082
EUW1_7739319525,8,2,2055
EUW1_7739319525,8,3,3171
EUW1_7739319525,8,4,4628
EUW1_7739319525,8,5,6655
EUW1_7739319525,9,0,1056
EUW1_7739319525,9,1,8010
EUW1_7739319525,9,2,1082
EUW1_7739319525,9,3,3116
EUW1_7739319525,9,4,3147
EUW1_7739319525,9,5,1052
EUW1_7739319525,10,0,3877
EUW1_7739319525,10,1,3742
EUW1_7739319525,10,2,1057
EUW1_7739319525,10,3,3211
EUW1_7739319525,10,4,3111
